英文名,性别,音标,中文译名,来源,流行度
Aalto,中性,['a:lt&#596;:],阿尔托,芬兰语,无
Aaron,男性,['&#603;&#601;r&#601;n],亚伦,希伯来语,★★
Ab,男性,[&#230;b],阿布,英语,无
Abadam,中性,[&#601;'b&#230;d&#601;m],阿巴达姆,英语,无
Abbado,中性,[&#601;'ba:d&#601;u],阿巴多,,无
Abbas,男性,[&#601;'b&#230;s],阿巴斯,阿拉伯和希伯来,无
Abbe,中性,['&#230;bi],阿贝,英语,无
Abbet,中性,['&#230;bit],阿贝特,英语,无
Abbey,女性,['&#230;bi],阿比,希伯来语,★
Abbot,男性,['&#230;b&#601;t],阿博特,希伯来语,无
Abbott,男性,['&#230;b&#601;t],阿博特,希伯来,★★★
Abbs,中性,[&#230;bz],阿布斯,英语,无
Abby,女性,['&#230;bi],阿比,希伯来语,无
Abdey,中性,['&#230;bdi],阿布迪,英语,无
Abdie,中性,['&#230;bdi],阿布迪,英语,无
Abdul,男性,[a:b'du:l],阿卜杜勒,阿拉伯语,无
Abe,男性,[eib],艾贝,希伯来,★
Abel,男性,['eib&#601;l],艾贝尔,希伯来语,★★
Abelard,男性,['&#230;b&#601;la:d],阿伯拉尔,德语,无
Abell,男性,['eibel],艾贝尔,希伯来语,★
Abelson,中性,['eiblsn],艾贝尔森,英语,无
Abercrombie,中性,['&#230;b&#601;kr&#652;mbi],阿伯克龙比,布立吞语,★
Abercromby,中性,['&#230;b&#601;kr&#652;mbi],阿伯克龙比,布立吞语,无
Aberdeen,女性,[&#230;b&#601;'di:n],阿伯丁,苏格兰,无
Abernathy,中性,[.&#230;b&#601;'nei&#240;i],阿伯内西,苏格兰语,★★
Abernethy,中性,[.&#230;b&#601;'ne&#952;i],阿伯内西,布立吞语,★
Abigail,女性,['&#230;bigeil],阿比盖尔,希伯来语,无
Able,男性,['eibl],埃布尔,希伯来语,★
Ableson,男性,['eiblsn],埃布尔森,希伯来语,无
Ablett,男性,['&#230;blit],阿布利,希伯来语,无
Ablewhite,中性,['eiblhwait],埃布尔怀特,,无
Ablitt,男性,['&#230;blit],阿布利特,,无
Ablott,中性,['&#230;bl&#601;t],阿布洛特,,无
Abner,男性,['&#230;bn&#601;],阿布纳,希伯来语,★
Abraham,男性,['eibr&#601;h&#230;m],亚伯拉罕,希伯来语,★★
Abrahams,中性,['eibr&#601;h&#230;m],亚伯拉罕斯,希伯来语,★
Abrahamson,中性,['eibr&#601;h&#230;msn],亚伯拉罕森,希伯来语,★
Abram,男性,['eibr&#601;m],艾布拉姆,希伯来语,★
Abrams,中性,['eibr&#601;mz],艾布拉姆斯,英语,★★
Abramson,中性,['eibr&#601;msn],艾布拉姆森,英语,★
Abrikosor,中性,[&#601;bri'k&#596;s&#596;f],阿布里科索夫,,无
Absalom,男性,['&#230;bs&#601;l&#601;m],阿布萨龙,希伯来语,无
Absolom,中性,['&#230;bs&#601;l&#601;m],阿布索龙,英语,无
Absolon,男性,['&#230;bs&#601;l&#601;n],阿布索伦,法语,无
Aby,男性,['eibi],艾比,英语,无
Ace,男性,[eis],埃斯,拉丁语,无
Achard,中性,[&#601;'&#643;a:],阿沙尔,盎格鲁诺曼底法语,无
Achebe,中性,['a:t&#643;eibei],阿契贝,,无
Acheson,中性,['&#230;t&#643;isn],艾奇逊,英语,★
Achilles,男性,[&#601;'kili:z],阿基里斯/阿喀琉斯,希腊,无
Ackary,中性,['&#230;k&#601;ri],阿克里,,无
Acker,中性,['&#230;k&#601;],阿克,中世纪英语,★★
Ackerly,男性,['&#230;k&#601;li],阿克利,英语,无
Ackerman,中性,['&#230;k&#601;m&#601;n],阿克曼,,★★
Ackers,中性,['&#230;k&#601;z],阿克斯,英语,无
Ackery,中性,['&#230;k&#601;ri],阿克里,,无
Acket,中性,['&#230;kit],阿克特,英语,无
Acketts,中性,['&#230;kits],阿克茨,英语,无
Ackland,中性,['&#230;kl&#601;nd],阿克兰,古英语,无
Ackroyd,中性,['&#230;kr&#596;id],阿克罗伊德,北方中世纪英语,无
Acland,中性,['&#230;kl&#601;nd],阿克兰,英语,无
Acre,中性,['eik&#601;],埃克,英国,无
Acreman,中性,['eik&#601;m&#601;n],埃克曼,英语,无
Acres,中性,['eik&#601;z],埃克斯,英语,无
Acroyd,中性,['&#230;kr&#596;id],阿克罗伊德,英语,无
Acton,男性,['&#230;kt&#601;n],阿克顿,古英语,★
Acuff,中性,[&#601;'k&#652;f],阿卡夫,,★
Ad,男性,[&#230;d],阿德,,无
Ada,女性,['eid&#601;],艾达,德语,无
Adah,女性,['eid&#601;],艾达,希伯来语,无
Adair,男性,[&#601;'d&#603;&#601;],阿代尔,德语,★★
Adam,未知,['&#230;d&#601;m],亚当,希伯来语,★★
Adams,男性,['&#230;d&#601;mz],亚当斯,希伯来语,★★★★
Adamson,男性,['&#230;d&#601;msn],亚当森,古英语,★★
Adcock,中性,['&#230;dk&#596;ks],阿德科克,英语,★★
Adcocks,中性,['&#230;dk&#596;ks],阿德科克斯,英语,无
Addams,男性,['&#230;d&#601;mz],亚当斯,希伯来语,无
Adderley,中性,['&#230;d&#601;li],阿德利,古英语,无
Addess,中性,['&#230;dis],阿德斯,英语,无
Addey,中性,['&#230;di],阿迪,英语,无
Addie,女性,['&#230;di],阿迪,德语,无
Addington,中性,['&#230;ti&#331;t&#601;n],阿丁顿,古英语,★
Addinsell,中性,[adinsel],阿丁塞尔,,无
Addis,男性,['&#230;dis],阿迪斯,古英语,★
Addison,男性,[&#230;disn],阿迪森，或艾迪生,古英语,★★
Addy,女性,['&#230;di],阿迪,英语,★
Addyman,中性,['&#230;dim&#601;n],阿迪曼,英语,无
Ade,男性,[eid],埃德,英语,无
Adeane,中性,[&#601;'di:n],阿迪恩,英语,无
Adela,女性,['&#230;dil&#601;],阿德拉,日耳曼语,无
Adelaide,女性,['&#230;d&#601;leid],阿德莱德,日耳曼语,无
Adele,女性,[&#601;'del],阿黛尔,德语,无
Adelina,女性,[.&#230;di'li:n&#601;],阿德利娜,法语,无
Adeline,女性,['&#230;dili:n],阿德琳,日耳曼语,无
Adenauer,中性,['a:d&#601;nau&#601;],阿登纳,,无
Ades,中性,[eidz],埃兹,英语,无
Adey,中性,['&#230;di],阿迪,英语,无
Adger,中性,['&#230;d&#658;&#601;],阿杰,英语,无
Adie,中性,['eidi],埃迪,英语,无
Adkin,中性,['&#230;dkin],阿德金,英语,无
Adkins,男性,['&#230;dkinz],阿德金斯,古英语,★★★
Adlam,中性,['&#230;dl&#601;m],阿德拉姆,日耳曼语,无
Adlard,中性,['&#230;la:d],阿德拉德,英语,无
Adler,男性,['&#230;dl&#601;r],阿德勒,德语,★★
Adlington,中性,['&#230;dli&#331;t&#601;n],阿德林顿,古英语,无
Baade,未知,['ba:hd&#650;h],巴德,,无
Baal,男性,[bal],巴力,圣经,无
Bab,女性,[b&#230;b],巴布,阿拉伯语,无
Babb,中性,[b&#230;b],巴布,古英语,★★
Babbage,中性,[b&#601;'beid&#658;],巴贝奇,,无
Babbie,女性,['b&#230;bi],巴比,,无
Babbitt,中性,['b&#230;bit],巴比特,,★
Babbs,中性,[b&#230;bz],巴布斯,,无
Babcock,中性,['b&#230;bk&#596;k],巴布科克,,★★
Baber,男性,['ba:b&#601;],巴伯尔,北印度语,★
Babette,女性,[b&#230;'bet],巴贝特,法语,无
Babington,中性,['b&#230;bi&#331;t&#601;n],巴宾顿,古英语,无
Babs,女性,[b&#230;bz],巴布丝,英语,无
Babur,男性,['ba:b&#650;&#601;],巴伯尔,,无
Bacchus,男性,['b&#230;k&#601;s],巴克斯,拉丁语,无
Bach,中性,[bah],贝奇；巴赫,中世纪英语,★
Bacharach,中性,['b&#230;k&#601;r&#230;k],巴卡拉克,,无
Bache,中性,['beit&#643;],贝奇,,无
Bacheler,中性,['b&#230;t&#643;&#601;l&#601;],巴彻勒,,无
Bachelet,中性,[bat&#643;elet],巴切莱特,,无
Bacheller,中性,['b&#230;t&#643;&#601;l&#601;],巴彻勒,,无
Bachelor,男性,['b&#230;t&#643;&#601;l&#601;],巴彻勒,中世纪英语，古法语,无
Back,中性,[b&#230;k],巴克,中世纪英语,★
Backer,中性,['b&#230;k&#601;],巴克尔,,★
Backhouse,中性,['b&#230;khaus],巴克豪斯,中世纪英语,无
Backler,中性,['b&#230;kl&#601;],巴克勒,,无
Backman,中性,['b&#230;km&#601;n],巴克曼,,★
Backs,中性,['b&#230;ks],巴克斯,,无
Backus,中性,['b&#230;k&#601;s],巴克斯,,★
Bacon,中性,['beik&#601;n],培根,日耳曼语,★★
Badcock,中性,['b&#230;dk&#596;k],巴德科克,,无
Baddams,中性,['b&#230;d&#601;mz],巴当斯,,无
Baddeley,中性,['b&#230;d&#601;li],巴德利,古英语,无
Bade,中性,[beid],贝德,古英语,★
Bader,女性,['beid&#601;],巴德,阿拉伯语,★
Badger,中性,['b&#230;d&#658;&#601;],巴杰,古英语,★
Badgers,中性,['b&#230;d&#658;&#601;z],巴杰斯,,无
Badham,中性,['b&#230;d&#601;m],巴德姆,古英语,无
Badman,中性,['b&#230;dm&#601;n],巴德曼,,无
Baer,中性,[be&#601;],贝尔,,★★
Baeyer,中性,['bej&#601;r],贝耶尔,,无
Baez,中性,[beijz],贝兹,,★★
Baffin,中性,['b&#230;fin],巴芬,,无
Bage,中性,[beid&#658;],贝奇,,无
Bagehot,中性,['b&#230;d&#658;&#601;t],巴杰特,,无
Bagg,中性,[b&#230;g],巴格,,无
Bagge,中性,[b&#230;g],巴格,中世纪英语,无
Bagley,中性,['b&#230;gli],巴格利,古英语,★★
Bagnall,中性,['b&#230;gn&#601;l],巴格诺尔,古英语,无
Bagnell,中性,['b&#230;gn&#601;l],巴格内尔,,无
Bagnold,中性,['b&#230;gn&#601;ld],巴格诺尔德,,无
Bagot,男性,['b&#230;g&#601;t],巴戈特,英语,无
Bagott,中性,['b&#230;g&#601;t],巴戈特,,无
Bagshaw,中性,['b&#230;g&#643;&#596;:],巴格肖,古英语,无
Bagshawe,中性,['b&#230;g&#643;&#596;:],巴格肖,,无
Bail,中性,[beil],贝尔,,无
Bailey,中性,['beili],贝利,古英语,★★★★
Bailie,中性,['beili],贝利,英语,无
Bailif,中性,['beilif],贝利夫,,无
Bailiff,中性,['beilif],贝利夫,,无
Baillie,男性,['beili],贝利,英语,无
Baillif,中性,['beilif],贝利夫,,无
Bailliff,中性,['beilif],贝利夫,,无
Baily,男性,['beili],贝利,英语,★
Bain,男性,[bein],贝恩,英语,★★
Bainbridge,男性,['beibrid&#658;],班布里奇,爱尔兰语,★
Baines,中性,[beinz],贝恩斯,古英语,★
Bains,中性,[beinz],贝恩斯,古英语,无
Baird,中性,[b&#603;&#601;d],贝尔德,凯尔特语,★★★
Bairnsfather,中性,['b&#603;&#601;nz.fa:&#240;&#601;],班斯法瑟,中古英语或古诺斯语,无
Bairstow,中性,['b&#603;&#601;st&#601;u],贝尔斯托,古英语,无
Baise,中性,[beiz],贝斯,古英语,无
Baish,中性,[bei&#643;],贝什,古英语,无
BaistOW,中性,,贝斯托,古英语,无
Baitson,中性,['beitsn],贝特森,古英语,无
Bajer,中性,['bai&#601;r],巴耶,,无
Bakehouse,中性,['beikhaus],贝克豪斯,,无
Baker,男性,['beik&#601;],贝克,"中世纪英语, 古英语",★★★★
Bakewell,中性,['beikw&#601;l],贝克威尔,古英语,无
Balaam,男性,['beil&#230;m],贝拉姆,圣经,无
Balboa,中性,[b&#230;l'b&#601;u&#601;],巴尔沃亚,,无
Balch,中性,[b&#596;:lt&#643;],鲍尔奇,中古英语,★
Balcher,中性,['ba:lt&#643;&#601;],鲍尔彻,古英语,无
Balchin,中性,['b&#596;:lt&#643;in],鲍尔钦,古英语,无
Balcombe,中性,['b&#230;lk&#601;um],巴尔科姆,古英语,无
Bald,男性,[b&#596;:ld],鲍尔德,德语,无
Balderston,中性,['b&#596;:ld&#601;st&#601;un],鲍尔德斯顿,古英语,无
Balderstone,中性,['b&#596;:ld&#601;st&#601;un],鲍尔德斯通,,无
Baldick,中性,['b&#596;:ldik],鲍迪克,,无
Baldie,男性,['b&#596;:ldi],鲍尔迪,苏格兰语,无
Baldock,中性,['b&#596;:ld&#601;k],鲍多克,,无
Baldrey,中性,['b&#596;:ldri],鲍德里,,无
Baldrick,男性,['b&#596;:ldrik],鲍德里克,德语,无
Baldry,中性,['b&#596;:ldri],鲍德里,日耳曼语,无
Baldwin,男性,['b&#596;:ldwin],鲍德温,德语,★★★
Bale,中性,[beil],贝尔,,★
Bales,中性,[beilz],贝尔斯,,★★
Balfe,中性,[b&#230;lf],巴尔夫,盖尔语,无
Balfour,男性,['b&#230;lf&#601;],巴尔弗,盖尔语,无
Balkwill,中性,['b&#596;:kwil],鲍克威尔,古英语，中世纪英语,无
Ball,中性,[b&#596;:l],鲍尔,,★★★
Ballaam,中性,['b&#230;l&#601;m],巴拉姆,,无
Ballantine,中性,['b&#230;l&#601;ntain],巴兰坦,,无
Ballantyne,中性,['b&#230;l&#601;ntain],巴兰坦,盖尔语,无
Ballard,男性,['b&#230;l&#601;d],巴拉德,德语,★★★
Cahill,中性,['ka:hil],卡希尔,盖尔语,★★
Cain,男性,[kein],凯恩,希伯来语,★★★
Calderon,中性,['k&#596;:ld&#601;r&#601;n],考尔德伦,古法语,★★★
Caldwell,男性,[k&#596;:ldw&#601;l],考尔德韦尔,古英语,★★★
Caleb,男性,['k&#230;l&#601;b],凯莱布,希伯来语,无
Callie,女性,['k&#596;:li],考利,英语,无
Calloway,中性,['k&#230;l&#601;.wei],卡洛韦,法语,★★
Calvert,男性,['k&#230;lv&#601;t],卡尔弗特,古英语,★★
Calvin,男性,['k&#230;lvin],卡尔文,拉丁语,★
Cameron,中性,['k&#230;m&#601;r&#601;n],卡梅伦,苏格兰语，盖尔语,★★★
Camilla,女性,[k&#601;'mil&#601;],卡米拉,拉丁语,无
Campbell,男性,['k&#230;mbl],坎贝尔,盖尔语,★★★★
Candace,女性,['k&#230;nd&#601;.si],坎迪丝,埃塞俄比亚语或拉丁语,无
Candida,女性,['k&#230;ndidi&#601;],坎迪达,拉丁语,无
Cannon,中性,['k&#230;n&#601;n],坎农,法语,★★★
Capps,中性,[k&#230;ps],卡普斯,英语,★★
Cara,女性,['k&#230;r&#601;],凯拉,凯尔特语,无
Cardwell,中性,['ka:dw&#601;l],卡德韦尔,英语,★★
Carey,女性,['k&#603;&#601;ri],凯里,凯尔特语,★★★
Carl,男性,[ka:l],卡尔,古德语,★★
Carla,女性,['ka:l&#601;],卡拉,拉丁语,无
Carlisle,男性,[ka:'lail],卡莱尔,英语,★★
Carlotta,女性,[ka:'l&#596;t&#601;],卡洛塔,法语,无
Carlson,男性,['ka:ls&#601;n],卡尔森,英语,★★★
Carlton,女性,['ka:lt&#601;n],卡尔顿,古英语,★★
Carman,男性,['ka:m&#601;n],卡曼,盎格鲁诺曼底法语,★
Carmel,中性,['k&#593;:mel],卡梅尔,希伯来语,无
Carmela,女性,[ka:'mel&#601;],卡梅拉,西班牙语,无
Carmelita,女性,[.ka:m&#601;'li:t&#601;],卡梅莉塔,希伯来语,无
Carmen,女性,['ka:men],卡门,西班牙语,★
Carmichael,男性,[ka:'maikl],卡迈克尔,盖尔语,★★
Carnes,中性,[ka:nz],卡恩斯,爱尔兰语,★★
Carney,男性,['ka:ni],卡尼,盖尔语,★★
Carol,女性,['k&#230;r&#601;l],卡罗尔,古德语,无
Carola,女性,['k&#230;r&#601;l&#601;],卡罗拉,英语,无
Carole,女性,['k&#230;r&#601;l],卡罗尔,法语,无
Carolina,女性,[.k&#230;r&#601;'lain&#601;],卡罗莱娜,英语,无
Caroline,女性,['k&#230;l&#601;lain],卡罗琳,拉丁语,无
Carolyn,女性,['k&#230;r&#601;lin],卡罗琳,英语,无
Carpenter,中性,['ka:p&#601;nt&#601;],卡朋特,拉丁语,★★★★
Carr,男性,[ka:],卡尔,斯堪的纳维亚语,★★★★
Carrie,女性,['k&#230;ri],卡丽,盖尔语,无
Carrier,中性,['k&#230;ri&#601;],卡里尔,中世纪英语,★★
Carrol,男性,['k&#230;r&#601;l],卡罗尔,凯尔特语,★
Carroll,男性,['k&#230;r&#601;l],卡罗尔,盖尔语,★★★★
Carson,男性,['ka:sn],卡森,斯堪的纳维亚语,★★★
Carter,男性,['ka:t&#601;],卡特,古英语,★★★★
Cartwright,男性,['ka:t.rait],卡特赖特,英语,★★
Carver,男性,['k&#593;:v&#601;],卡弗,古英语,★★★
Cary,男性,['k&#603;&#601;ri],加里,凯尔特语,★★
Case,男性,[keis],凯斯,英语，法语,★★★
Casey,男性,['keisi],凯西,爱尔兰语,★★★
Cash,中性,[k&#230;&#643;],卡什,英语,★★
Cassandra,女性,[k&#601;'s&#230;ndr&#601;],卡珊德拉,希腊语,无
Cassidy,女性,['k&#230;sidi],卡西迪,盖尔语,★★
Cassie,女性,['k&#230;si],卡西,希腊语,无
Castle,男性,['ka:sl],卡斯尔,英语,★★
Castro,中性,['k&#230;str&#601;u],卡斯特罗,,★★★
Cates,中性,[keits],凯茨,古诺斯语,★★
Catharine,女性,['k&#230;&#952;&#601;rin],凯瑟琳,爱尔兰语,无
Catherina,女性,[.k&#230;&#952;&#601;'ri:n&#601;],凯瑟琳娜,英语,无
Catherine,女性,['k&#230;&#952;&#601;rin],凯瑟琳,希腊语,无
Cathie,女性,['k&#230;&#952;i],卡西,英语,无
Cathleen,女性,['k&#230;&#952;li:n],凯思琳,希腊语,无
Cathryn,女性,['k&#230;&#952;rin],凯思琳,盎格鲁-撒克逊语,无
Cathy,女性,['k&#230;&#952;i],卡西,英语,无
Cecelia,女性,[si'si:lj&#601;],塞西莉亚,拉丁语,无
Cecil,男性,['sesl],塞西尔,拉丁语,★★
Cecile,中性,['sesil],塞西尔,拉丁语,无
Cecilia,女性,[si'sij&#601;],塞西莉亚,拉丁语,无
Cecily,女性,['sisili],塞西莉,爱尔兰语,无
Cedric,男性,['sedrik],塞德里克,凯尔特语,无
Celeste,女性,[s&#601;'lest],塞莱斯特,拉丁语,无
Celestine,女性,['selistin],塞莉斯廷/塞莱斯廷,拉丁语,★
Celia,女性,['si:lj&#601;],西莉亚,拉丁语,无
Cervantes,中性,[s&#601;:'v&#230;ntiz],塞万提斯,,★★★
Chadwick,男性,['t&#643;&#230;dwik],查德威克,古英语,★★
Chamberlain,男性,[t&#643;eimb&#601;lin],张伯伦,中世纪英语,★★
Chambers,中性,['t&#643;eimb&#601;z],钱伯斯,中世纪英语，古法语,★★★
Chance,男性,[t&#643;&#230;ns],钱斯,中世纪英语,★★
Chandler,中性,['t&#643;a:ndl&#601;],钱德勒,古英语,★★★
Chanel,女性,[&#643;a:'nel],香奈尔,法语,无
Chapman,中性,['t&#643;&#230;pm&#601;n],查普曼,古英语,★★★★
Chappell,女性,[t&#643;&#230;p&#601;l],查普尔,中世纪英语、古法语,★★
Charis,女性,['t&#643;&#230;ris],查丽斯,希腊语,无
Charity,女性,['t&#643;&#230;riti],查丽蒂,拉丁语,★
Charlene,中性,[&#643;a:'li:n],夏琳,日耳曼语,无
Charles,男性,[t&#643;&#593;:lz],查尔斯,古德语,★★★
Charley,男性,['t&#643;a:li],查理,英语,★
Charlie,男性,['t&#643;a:li],查利,德语,★
Charlotte,女性,['&#643;a:l&#601;t],夏洛特，夏洛蒂,法语,无
Chase,男性,[t&#643;eis],蔡斯,英语，古法语,★★★
Chauncey,男性,['t&#643;&#596;:nsi],昌西,拉丁语,无
Cheek,中性,[t&#643;i:k],奇克,中世纪英语,★★
Chelsea,女性,['t&#643;elsi],切尔西,古英语,无
Cherrie,中性,['t&#643;eri],彻里,英语,无
Cherry,中性,['t&#643;eri:],彻丽/彻里,中世纪英语或古法语,★★★
Cheryl,女性,['feril],谢丽尔,日耳曼语,无
Chester,男性,['t&#643;est&#601;],切斯特,古英语，拉丁语,★★
Childers,中性,['t&#643;ild&#601;z],奇尔德斯,古英语,★★
Childress,中性,['t&#643;ildris],柴尔德里斯,英语,★★
Childs,中性,[t&#643;aildz],蔡尔兹,英语,★★
Chiquita,女性,[t&#643;i'ki:t&#601;],奇吉塔,西班牙语,无
Chloe,女性,['kl&#601;ui],克洛伊,希腊语,无
Chris,男性,[kris],克里斯，克里丝,希腊语,无
Dagmar,女性,['d&#230;gma:],达格玛,斯堪的纳维亚语,无
Dahl,中性,[da:l],达尔,,★★
Dahlia,女性,['deilj&#601;],戴利亚,瑞典语,无
Dailey,男性,['deili],戴利,爱尔兰语,★★
Daine,中性,[dein],戴恩,英语,无
Daisy,女性,['deizi],戴西,古英语,无
Dale,男性,[deil],戴尔,古英语,★★
Daley,中性,['deili:],戴利,英语,★★
Dallas,中性,['d&#230;l&#601;s],达拉斯,古英语,★★
Dalton,男性,['d&#596;:lt&#601;n],多尔顿,古英语,★★★
Daly,男性,['deili],戴利,凯尔特语,★★
Damaris,女性,['d&#230;m&#601;ris],达默里斯,希腊语,无
Damian,男性,['deimi&#601;n],戴米安,希腊语,★
Damon,男性,['deim&#601;n],戴蒙,希腊语,★
Dan,男性,[d&#230;n],丹,希伯来语,★
Dana,中性,,戴纳/戴娜,英语,★
Dane,男性,[dein],戴恩,英语,★
Daniel,男性,['d&#230;nj&#601;l],丹尼尔,希伯来语,★★★
Daniels,中性,['d&#230;nj&#601;lz],丹尼尔斯,希伯来语,★★★★
Danny,男性,['d&#230;ni],丹尼,希伯来语,无
Dante,男性,['d&#230;nti],但丁,意大利语,无
Daphne,女性,['d&#230;fni],达夫妮,希腊语,无
Darby,男性,['da:bi],达比,盖尔语,★★
Darcey,女性,['da:si],达西,法语,无
Darcy,中性,['d&#593;:si],达西,凯尔特语,★
Darell,中性,['d&#230;r&#601;l],达雷尔,拉丁语,无
Darius,男性,[d&#601;'rai&#601;s],达赖厄斯,波斯语,无
Darleen,女性,[da:'li:n],达琳,古英语,无
Darling,中性,['da:li&#331;],达林,古英语,★★
Darwin,男性,['da:win],达尔文,古英语,★
Daryl,女性,['d&#230;ril],达丽尔,古英语,无
Daugherty,中性,['d&#596;:eti:],多尔蒂,英语,★★★
Dave,男性,[deiv],戴夫,希伯来语,无
Davenport,男性,['d&#230;v&#601;np&#596;:t],达文波特,古法语,★★★
David,男性,['deivid],戴维,希伯来语,★★★
Davidson,男性,['deividsn],戴维森,英语,★★★
Davies,男性,['deivi:z],戴维斯,威尔士语,★★
Davina,女性,[d&#601;'vi:n&#601;],戴维娜,英语,无
Davis,男性,['devis],戴维斯,苏格兰语,★★★★★
Davison,中性,['deivisn],戴维森,英语,★★
Dawkins,中性,['d&#596;:kinz],道金斯,英语,★★
Dawn,女性,[d&#596;:n],道恩,古英语,无
Dawson,中性,['d&#596;:sn],道森,古英语,★★★
Day,中性,[dei],戴,古英语,★★★
Deal,中性,[di:l],迪尔,英语,★★
Dean,男性,[di:n],迪安,拉丁语,★★★
Deane,女性,[di:n],迪恩,英语,★
Deanna,女性,[di'&#230;n&#601;],迪安娜,拉丁语,无
Deb,女性,[deb],德布,希伯来语,无
Debbie,女性,['debi],德比,希伯来语,无
Debby,女性,['debi],德比,希伯来语,无
Deborah,女性,['deb&#601;r&#601;],黛博拉,希伯来语,无
Debra,女性,['debr&#601;],黛布拉,希伯来语,无
Decker,男性,['dek&#601;],德克尔,英语,★★★
Dee,中性,[di:],迪,威尔士语,★
Deidre,女性,['di&#601;dri],黛德丽,凯尔特语,无
Deirdre,女性,['di&#601;dr&#601;],迪尔德丽,盖尔语,无
Delaney,中性,[d&#601;'leini],德莱尼,盖尔语,★★
Delia,女性,['di:lj&#601;],迪莉娅,希腊语,★
Delicia,女性,[di'li&#643;&#601;],迪丽莎,拉丁语,无
Delilah,女性,[di'lail&#601;],黛利拉,希伯来语,无
Dell,男性,[del],德尔,英语,★
Della,女性,['del&#601;],德拉,德语,无
Delphine,女性,['delfi:n],黛尔菲恩,希腊语,无
Demetrius,男性,[d&#601;'mi:tri&#601;s],迪米特里厄斯,希腊语,无
Dempsey,男性,['dempsi:],登普西,盖尔语,★★
Denis,男性,['denis],丹尼斯,希腊语,★
Denise,女性,[d&#601;'ni:z],德尼丝,法语,无
Dennis,男性,['denis],丹尼斯,希腊语,★★★
Dennison,男性,['denisn],丹尼森,古英语,★★
Denny,男性,['deni],丹尼,英语,★★
Denson,中性,['densn],丹森,英语,★★
Dent,男性,[dent],登特,英语,★★
Denton,男性,['dent&#601;n],登顿,古英语,★★
Derek,男性,['derik],德里克,古德语,无
Derrick,男性,['derik],德里克,德语,★★
Desire,男性,[di'zai&#601;],德西雷,英语,无
Desiree,女性,[deizi:'rei],德西雷,拉丁语,无
Desmond,男性,['dezm&#601;nd],德斯蒙德,爱尔兰语或盖尔语,★
Devin,中性,['devin],德温,凯尔特语,无
Devine,中性,[d&#601;'vain],德瓦恩,爱尔兰语,★★
Devon,中性,['devn],德文,英语,无
Dewey,男性,['dju:i],杜威,威尔士语,★★
Dewitt,男性,[d&#601;'wit],德威特,德语,★★
Dexter,男性,['dekst&#601;],德克斯特,拉丁语,★★
Diamond,女性,['dai&#601;m&#601;nd],黛蒙德,古英语,★★
Diana,女性,[dai'&#230;n&#601;],黛安娜,拉丁语,★
Diane,女性,[dai'&#230;n],黛安,拉丁语,无
Dias,中性,['di:&#601;s],迪拉兹,西班牙语,★★
Dick,男性,[dik],迪克,古德语,★★
Dickens,中性,['dikinz],迪肯斯；狄更斯,英语,★★
Dickerson,中性,['dik&#601;s&#601;n],迪克森,英语,★★★
Dickey,中性,['diki],迪基,爱尔兰语,★★
Dickinson,中性,['dikins&#601;n],迪金森,古英语,★★
Dickson,中性,['diksn],迪克森,英语,★★★
Dillon,男性,['dil&#601;n],狄龙,盖尔语,★★★
Dinah,女性,['dain&#601;],黛娜,希伯来语,无
Dione,女性,[dai'&#601;uni],狄俄涅,希腊语,无
Dirk,男性,[d&#601;:k],德克,德语,无
Dixie,女性,['diksi],迪克西,英语,无
Dixon,男性,['diksn],迪克森,德语,★★★★
Dobbins,中性,['d&#596;binz],多宾斯,英语,★★
Dobbs,男性,[d&#596;bz],多布斯,古英语,★★
Dobson,中性,['d&#596;bsn],多布森,英语,★★
Dodd,中性,[d&#596;d],多德,中世纪英语,★★
Earl,男性,[&#601;:l],厄尔,古英语,★★
Earle,男性,[&#604;:l],厄尔,盎格鲁-撒克逊语,★
Early,男性,['&#601;:li],厄尔利,古英语,★★
Eason,中性,[is&#601;n],伊森,英语,★★
Easter,中性,['i:st&#601;],伊斯特尔,埃及语，英语,★★
Eastman,中性,['i:stm&#601;n],伊士曼,古英语,★★
Eaton,男性,['i:tn],伊顿,古英语,★★★
Ed,男性,[ed],埃德,英语,无
Eda,女性,['i:d&#601;],伊达,古英语,无
Eddie,男性,['edi],埃迪,英语,★
Eddy,男性,['edi],埃迪,古英语,★★
Eden,中性,['i:dn],伊登；艾登,希伯来语,★
Edgar,男性,['edg&#601;],埃德加,古英语,★★
Edie,中性,['i:di],伊迪,德语,★
Edison,男性,['edisn],埃迪森；爱迪生,古英语,★
Edith,女性,['i:di&#952;],伊迪斯,古德语,无
Edmond,男性,['edmand],埃德蒙,古英语,★★
Edmonds,中性,['edm&#601;ndz],埃德蒙兹,,★★
Edmondson,中性,['edm&#601;ndsn],埃德蒙森,英语,★★
Edmund,男性,['edm&#601;nd],埃德蒙,古英语,无
Edna,女性,['edn&#601;],埃德娜,希伯来语,无
Edward,男性,['edw&#601;d],爱德华,古英语,★★
Edwards,中性,['edw&#601;dz],爱德华兹,英语,★★★★
Edwin,男性,['edwin],埃德温,古英语,无
Effie,女性,['efi],埃菲,希腊语,无
Egan,男性,['i:g&#601;n],伊根,盖尔语,★★
Eileen,女性,['aili:n],艾琳,希腊语,无
Elaine,女性,[i'lein],伊莱恩,希腊语,无
Elbert,男性,['elb&#601;t],阿尔伯特,古英语,★
Elder,中性,['eld&#601;],埃尔德,古英语,★★
Eleanor,女性,['elin&#601;],埃莉诺,希腊语,无
Eleanora,女性,[.el&#601;'n&#596;:r&#601;],埃莉诺拉,希腊语,无
Eleanore,女性,['elin&#601;],埃莉诺,希腊语,无
Elena,女性,[&#601;'lein&#601;],埃琳娜,希腊语,无
Elfreda,女性,[el'fri:d&#601;],埃尔弗丽达,古英语,无
Eli,男性,['i:lai],伊莱,希伯来语,无
Elias,男性,[i'lai&#601;s],伊莱亚斯,希伯来语,★★
Elijah,男性,[i'laid&#658;&#601;],伊利亚,希伯来语,无
Elin,女性,['elin],埃琳,威尔士语或希腊语,无
Elinor,女性,['elin&#601;],埃莉诺,希腊语,无
Elisabeth,女性,[i'liz&#601;b&#601;&#952;],伊丽莎白,希伯来语,无
Elise,女性,[e'li:z],埃莉斯,希伯来语或拉丁语,无
Elisha,男性,[i'lai&#643;&#601;],伊莱沙/伊莱莎,希伯来语,无
Elissa,女性,[i'lis&#601;],艾丽莎,希腊语,无
Eliza,女性,[i'laiz&#601;],伊莱扎,希伯来语,无
Elizabeth,女性,[i'liz&#601;b&#601;&#952;],伊莉莎白,希伯来语,无
Elkins,中性,['elkinz],埃尔金斯,英语,★★
Ella,女性,['el&#601;],埃拉,古德语,无
Ellen,女性,['elin],艾伦,希腊语,无
Ellie,女性,['eli],埃莉,希腊语,无
Elliot,男性,[eli'&#596;t],埃利奥特,希伯来语,★★
Elliott,男性,['elij&#601;t],埃利奥特,希伯来人,★★★★
Ellis,男性,['elis],埃利斯,希伯来语,★★★★
Ellison,中性,['elis&#601;n],埃利森,古英语,★★★
Ellsworth,男性,['elzw&#601;:&#952;],埃尔斯沃思,古英语,★★
Elma,女性,['elm&#601;],埃尔玛,古德语,无
Elmer,男性,['elm&#601;],埃尔默,英语,★
Elmo,男性,,埃尔莫,希腊语，德语,无
Elmore,男性,['elm&#596;:],埃尔莫尔,古英语,★★
Eloisa,女性,,埃洛伊萨,法语,无
Eloise,女性,,埃洛伊丝,法语,无
Elsa,女性,['els&#601;],埃尔莎,德语,无
Else,女性,[els],埃尔丝,希伯来语,无
Elsie,女性,['elsi],埃尔西,德语,无
Elsy,中性,,埃尔西,,无
Elton,男性,['elt&#601;n],埃尔顿,古英语,★
Elva,女性,['elv&#601;],埃尔瓦,日耳曼语，爱尔兰语,无
Elvin,男性,['elvin],埃尔文,古英语,无
Elvira,女性,[el'vai&#601;r&#601;],埃尔维拉,日耳曼语,无
Elvis,男性,[elvis],埃尔维斯,斯堪的纳维亚语,无
Elwood,男性,['elwud],埃尔伍德,古英语,★
Emanuel,男性,[i'm&#230;nju&#601;l],伊曼纽尔,希伯来语,★
Emeline,女性,,埃米琳,德语,无
Emerald,女性,['em&#601;r&#601;ld],埃默洛尔德,法语，英语,无
Emerson,中性,['em&#601;sn],埃默森；爱默生,古英语,★★★
Emery,男性,['em&#601;ri],埃默里,古英语,★★
Emil,男性,,埃米尔,拉丁语,无
Emile,男性,[ei'mi:l],埃米尔,法语,无
Emilia,女性,[i'mili&#601;],伊米莉亚,拉丁语,无
Emily,女性,['em&#601;li],埃米莉,德语,无
Emma,女性,['em&#601;],艾玛,古德语,无
Emmanuel,男性,[i'm&#230;nju&#601;l],伊曼纽尔,希伯来语,★
Emmett,男性,['emit],埃米特,英语,★
Emmie,女性,,埃米,英语,无
Emmitt,男性,['emit],埃米特,,无
Emory,男性,['em&#601;ri],埃默里,英语,★
Ena,女性,,伊娜,希伯来语，凯尔特语，爱尔兰语,无
England,中性,['ingl&#601;nd],英格兰,英语,★★
Engle,男性,['e&#331;gl],恩格尔,,★★
English,中性,['i&#331;gli&#643;],英格利希,古英语，盖尔语,★★★
Enid,女性,['i:nid],伊妮德,凯尔特语，威尔士语,无
Ennis,男性,['enis],恩尼斯,希腊语,★★
Enoch,男性,['i:n&#596;k],伊诺克,希伯来语,★
Epps,中性,[eps],埃普斯,英语,★★
Eric,男性,['erik],埃里克,古诺斯语,无
Erica,女性,['erik&#601;],埃丽卡,拉丁语，古诺斯语,无
Erma,女性,['&#604;:m&#601;],厄玛,拉丁语,无
Ernest,男性,['&#601;:nist],欧内斯特,古德语,★
Ernestine,女性,['&#601;:n&#601;sti:n],欧内斯廷,德语,无
Ernie,男性,['&#604;:ni],厄尼,德语,无
Ernst,男性,[ernst],恩斯特,英语,★★
Errol,男性,['er&#601;l],埃罗尔,拉丁语,无
Ervin,男性,['&#601;:vin],欧文,盖尔语,★★
Erwin,男性,['&#601;:win],欧文,古英语,★★
Escobar,中性,[es'k&#596;v&#596;r],埃斯科瓦尔,,★★
Fabian,男性,['feibj&#601;n],法比安,拉丁语,★
Fagan,中性,['feig&#601;n],费根,盖尔语,★★
Fair,中性,[f&#603;&#601;],费尔,古英语,★★
Fairchild,男性,['f&#603;&#601;t&#643;aild],费尔柴尔德,古英语,★★
Fairy,中性,['f&#603;&#601;ri],费尔里,,无
Faith,女性,[fei&#952;],费思,中世纪英语,★
Fallon,女性,['f&#230;l&#601;n],法伦,爱尔兰语,★
Fannie,女性,['f&#230;ni],范妮,英语,无
Fanny,女性,['f&#230;ni],范妮,拉丁语,无
Farley,男性,['f&#593;:li],法利,古英语,★★★
Farmer,中性,['fa:m&#601;],法默,古英语,★★★
Farr,男性,[fa:],法尔,古英语,★★
Farrah,女性,['f&#230;r&#601;],法拉,中世纪英语,无
Farrar,男性,['f&#230;r&#601;],法勒,中世纪英语,★★
Farrell,男性,['f&#230;r&#601;l],法雷尔,盖尔语,★★★
Farris,男性,['f&#230;ris],法里斯,英语,★★
Faulkner,中性,['f&#596;:kn&#601;],福克纳,英语,★★★
Faust,男性,[faust],浮士德,拉丁语,★★
Faustina,女性,[f&#596;:'sti:n&#601;],福斯蒂娜,,无
Fay,女性,[fei],费伊,拉丁语，古法语,★★
Faye,女性,['feij&#601;],费伊,法语,无
Felice,女性,[f&#601;'li:s],费利斯,拉丁语,★
Felicia,未知,[f&#601;'lisi&#601;],费利西娅,拉丁语,无
Felipa,女性,[fe'li:pa:],费利珀,拉丁语,无
Felix,男性,['fi:liks],费利克斯,拉丁语,★★
Felton,男性,['felt&#601;n],费尔顿,古英语,★★
Fenton,男性,['fent&#601;n],芬顿,古英语,★★
Ferdinand,男性,['f&#601;:din&#601;nd],费迪南德,日耳曼语,无
Ferguson,中性,['f&#604;:g&#601;sn],弗格森,苏格兰语,★★★★
Fern,女性,[f&#601;:n],弗恩,古英语,★
Fernanda,女性,[f&#604;:'n&#230;nd&#601;],费尔南达,古德语,无
Fernando,男性,[f&#601;'n&#230;nd&#601;],费尔南多,西班牙语,★
Ferne,女性,[f&#604;:n],弗恩,英语,无
Ferris,男性,['feris],费里斯,爱尔兰语,★★
Fidelia,女性,[fi'di:lj&#601;],菲迪莉娅,西班牙语,无
Field,男性,[fi:ld],菲尔德,古英语,★★
Fields,中性,[fi:ldz],菲尔兹,英语,★★★★
Finch,中性,[fint&#643;],芬奇,中世纪英语,★★
Fink,中性,[fi&#331;k],芬克,中世纪英语,★★
Finley,男性,['finli],芬利,英语,★★★
Finn,男性,[fin],菲恩,盖尔语,★★
Finney,中性,['fini:],芬尼,古英语,★★
Fiona,女性,[fi'&#601;un&#601;],菲奥娜,盖尔语,无
Fischer,中性,['fi&#643;&#601;],费歇尔,凯尔特语,★★★
Fish,中性,[fi&#643;],菲什,中世纪英语、古英语,★★
Fisher,男性,['fi&#643;&#601;],费舍尔,古英语,★★★★
Fitch,男性,[fit&#643;],菲奇,古法语,★★
Fitzgerald,男性,[fits'd&#658;er&#601;ld],菲茨杰拉尔德,古法语，古德语，英语,★★★
Fitzpatrick,男性,[fits'p&#230;trik],菲茨帕特里克,英语,★★★
Flaherty,中性,['fl&#230;&#601;ti:],弗莱厄蒂,盖尔语,★★
Flanagan,中性,['fl&#230;n&#601;g&#601;n],弗拉尼根,爱尔兰语,★★
Flavia,女性,['fleivj&#601;],弗莱维娅,拉丁语,无
Fleming,男性,['flemi&#331;],弗莱明,古英语,★★★
Fletcher,男性,['flet&#643;&#601;],弗莱彻,中世纪英语，古法语,★★★
Flint,男性,[flint],弗林特,古英语,★★
Flo,女性,[fl&#601;u],弗洛,拉丁语,无
Flood,中性,[fl&#652;d],弗勒德,古英语,★★
Flora,女性,['fl&#596;:r&#601;],弗洛拉,拉丁语,★
Florence,女性,['fl&#596;:r&#601;ns],弗洛伦斯,拉丁语,★★
Florrie,女性,['fl&#596;ri],弗洛莉,拉丁语,无
Flossie,女性,['fl&#596;si],弗洛西,拉丁语,无
Flowers,中性,['flau&#601;z],弗劳尔斯,英语,★★★
Floy,女性,[fl&#596;i],弗洛伊,拉丁语,无
Floyd,男性,[fl&#596;id],弗洛伊德,凯尔特语,★★★
Flynn,男性,[flin],弗林,爱尔兰语，盖尔语,★★★
Foley,男性,['f&#601;uli],福利,爱尔兰语,★★★
Fonda,中性,['f&#596;nd&#601;],方达,,无
Foote,中性,[fut],富特,英语,★★
Forbes,男性,['f&#596;:bz],福布斯,盖尔语,★★
Ford,男性,[f&#596;:d],福德,古英语,★★★★
Foreman,中性,['f&#596;:m&#601;n],福尔曼,,★★
Forest,男性,['f&#596;rist],福里斯特,德语,★
Forrest,男性,['f&#596;:rist],福里斯特,中世纪英语，拉丁语,★★
Fortune,男性,['f&#596;:t&#643;&#601;n],福琼,古法语,★★
Foster,男性,['f&#596;st&#601;],福斯特,古英语,★★★★
Fowler,男性,['faul&#601;],福勒,英语,★★★
Fox,男性,[f&#596;ks],福克斯,古英语,★★★★
Fran,女性,[fr&#230;n],弗兰,拉丁语,无
Francene,女性,[fr&#230;n'si:n],弗朗辛,法语,无
Frances,女性,['fr&#593;:nsis],弗朗西斯；弗朗西丝,拉丁语,★
Francesca,女性,[fr&#230;n'sesk&#601;],弗朗西斯卡,意大利语,无
Francie,女性,['fra:nsi],弗朗西,英语,无
Francine,女性,[fra:n'si:n],弗朗辛,法语,无
Francis,男性,['fra:nsis],弗朗西斯,拉丁语,★★★
Franco,男性,['fr&#596;&#331;k&#601;u],佛朗哥,西班牙语,★★★
Frankie,男性,['fr&#230;&#331;ki],弗兰基,英语,无
Franklin,男性,['fr&#230;&#331;klin],富兰克林,中世纪英语,★★★★
Franklyn,男性,['fr&#230;&#331;kli&#331;],富兰克林,英语,无
Fraser,男性,['feiz&#601;],弗雷泽,英语,★★
Frazier,男性,['frei&#658;&#601;],弗雷泽,英语,★★★
Fred,中性,[fred],弗雷德,德语,★
Freda,女性,['fri:d&#601;],弗丽达,德语,★
Freddie,男性,['fredi],弗雷迪,德语,无
Freddy,男性,['fredi],弗雷迪,德语,无
Frederic,男性,['fred&#601;rik],弗雷德里克,法语,无
Frederica,女性,[.fred&#601;'ri:k&#601;],弗雷德丽卡,古德语,无
Frederick,男性,['fredrik],弗雷德里克,古德语,★★★
Freeman,男性,['fri:m&#601;n],弗里曼,古英语,★★★★
French,男性,[frent&#643;],弗伦奇,中世纪英语,★★★
Frey,男性,[frei],弗雷,英语,★★
Frieda,女性,['fri:d&#601;],弗里达,斯堪的纳维亚语,无
Friedman,未知,['fri:dm&#601;n],弗里德曼,,★★
Friend,中性,[frend],弗伦德,中世纪英语,★★
Fritz,男性,[frits],弗里茨,古德语,★★
Frost,男性,[fr&#596;st],弗罗斯特,古英语,★★★
Gabriel,中性,['geibri&#601;l],盖布里埃尔,希伯来语,★★
Gabrielle,女性,[.ga:bri'el],盖布丽埃尔,希伯来语,无
Gage,男性,[geid&#658;],盖奇,古法语,★★
Gail,女性,[geil],盖尔,希伯来语,无
Gaines,中性,[geinz],盖恩斯,英语,★★★
Gale,中性,[geil],盖尔,古英语,★★
Galen,男性,['geil&#601;n],盖伦,拉丁语,无
Gallagher,男性,['g&#230;l&#601;h&#601;],加拉赫,盖尔语,★★★
Galloway,男性,['g&#230;l&#601;wei],加洛韦,盖尔语,★★★
Gamble,中性,['g&#230;mbl],甘布尔,古诺斯语,★★★
Gant,中性,[g&#230;nt],甘特,英语,★★
Gardner,中性,['ga:dn&#601;],加德纳,古英语,★★★★
Garfield,男性,['ga:fi:ld],加菲尔德,古英语,★
Garland,中性,['ga:l&#601;nd],加兰,古法语,★★
Garner,中性,['ga:n&#601;],加纳,中世纪英语,★★★
Garnet,女性,['ga:nit],加尼特,英语,无
Garnett,男性,['ga:nit],加尼特,古法语，拉丁语,★★
Garrett,男性,['g&#230;r&#601;t],加勒特,英语,★★★
Garrison,男性,['g&#230;risn],加里森,希伯来语，中世纪英语,★★★
Garry,男性,['g&#230;ri],加里,日耳曼语,★
Garth,男性,[ga:&#952;],加思,斯堪的纳维亚语,★
Gary,男性,['g&#603;&#601;ri],加里,古英语,★★
Gates,中性,[geits],盖茨,古英语,★★★
Gavin,男性,[g&#230;vin],加文,威尔士语,★★
Gay,女性,[gei],盖伊,古法语,★★★
Gaye,女性,[gei],盖伊,英语,无
Gayle,女性,[geil],盖尔,英语,★
Gaylord,男性,['geil&#601;d],盖洛德,古法语,★
Gee,中性,['d&#658;i:],吉,英语,★★
Geiger,中性,['gaig&#601;],盖革,,★★
Gemma,女性,['d&#658;em&#601;],吉玛,意大利语,无
Gene,中性,[d&#658;i:n],吉恩,希腊语,无
Geneva,女性,[d&#658;i'ni:v&#601;],吉尼瓦,古法语,无
Genevieve,女性,['d&#658;en&#601;vi:v],吉纳维夫,法语,无
Gentry,男性,['d&#658;entri],金特里,古英语,★★★
Geoffrey,男性,['d&#658;efri],杰弗里,英语,无
George,男性,[d&#658;&#596;:d&#658;],乔治,希腊语,★★★
Georgia,女性,['d&#658;&#596;:d&#658;j&#601;],乔治亚,希腊语,无
Georgiana,女性,[d&#658;&#596;:d&#658;i'a:n&#601;],乔治亚娜,希腊语,无
Georgie,女性,['d&#658;&#596;:d&#658;i],乔基,英语,无
Georgina,女性,[d&#658;&#596;:'d&#658;i:n&#601;],乔治娜,希腊语,无
Gerald,男性,['d&#658;er&#601;ld],杰拉德,古德语,★
Geraldine,女性,['d&#658;er&#601;ldi:n],杰拉尔丁,古德语,无
Gerard,男性,['d&#658;era:d],杰拉德,德语,★
Gerda,女性,['g&#604;:d&#601;],格尔达,古诺斯语,无
Germaine,女性,[d&#658;e'mein],杰曼,拉丁语,无
German,中性,['d&#658;&#601;:m&#601;n],杰曼,古法语，拉丁语,★★
Gerry,男性,['geri],格里,德语,★
Gertie,女性,['g&#604;:ti],格蒂,德语,无
Gertrude,女性,[g&#601;:tru:d],格特鲁德,日耳曼语,无
Gibbons,中性,['gib&#601;nz],吉本斯,英语,★★
Gibbs,中性,[gibz],吉布斯,,★★★
Gibson,男性,['gibsn],吉布森,古英语,★★★★
Gifford,男性,['gif&#601;d],吉福德,古英语,★★
Gil,男性,[gil],吉尔,希腊语,★★
Gilbert,男性,['gilb&#601;t],吉尔伯特,古法语,★★★
Gilda,女性,['gild&#601;],吉尔达,凯尔特语,无
Giles,中性,[d&#658;ailz],贾尔斯,希腊语,★★★
Gill,中性,[gil],吉尔,盖尔语,★★★
Gillespie,中性,[gi'lespi],吉莱斯皮,盖尔语,★★★
Gilliam,中性,['gil&#601;m],吉列姆,,★★
Gillian,女性,['d&#658;ili&#601;n],吉莉安；吉利恩,拉丁语,★
Gillis,中性,['gilis],吉利斯,苏格兰语,★★
Gilmore,男性,['gilm&#596;:'],吉尔摩,爱尔兰语,★★★
Giovanna,女性,[d&#658;&#596;:'va:nna:],乔凡娜,意大利语,无
Gipson,中性,['gipsn],吉普森,英语,★★
Giselle,女性,[d&#658;i'zel],吉泽尔,日耳曼语,无
Gladys,女性,['gl&#230;dis],格莱迪丝,威尔士语,无
Glass,中性,[gl&#593;:s],格拉斯,古英语，盖尔语,★★★
Gleason,中性,['gli:s&#601;n],格利森,爱尔兰语,★★
Glen,男性,[glen],格伦,盖尔语,★
Glenn,男性,[glen],格伦,凯尔特语,★★★
Gloria,女性,['gl&#596;:ri&#601;],格洛丽亚,拉丁语,★
Glover,中性,['gl&#652;v&#601;],格洛夫,古英语,★★★
Goddard,中性,['g&#596;d&#601;:d],戈达德,日耳曼语,★★
Godfrey,男性,['g&#596;dfri],戈弗雷,古德语,★★
Godwin,男性,['g&#596;dwin],戈德温,古英语,★★
Goff,中性,[g&#596;f],戈夫,英语,★★
Gold,中性,[g&#601;uld],戈尔德,古英语,★★
Goldberg,中性,['g&#601;uldb&#604;:g],戈德堡,,★★
Golden,男性,['g&#601;uld&#601;n],戈尔登,英语,★★★
Goldie,女性,['g&#601;uldi:],戈尔迪,英语,无
Goldsmith,中性,['g&#601;uldsmi&#952;],戈德史密斯,古英语,★★
Goldstein,中性,['g&#601;uldsti:n],戈德斯坦,,★★
Gonzalez,中性,[g&#596;n'za:lez],冈萨雷斯,,★★★★
Good,中性,[gud],古德,中世纪英语,★★
Goode,中性,[gud],古德,,★★
Goodman,中性,['gudm&#601;n],古德曼,古英语,★★★
Goodrich,中性,['gud.rit&#643;],古德里奇,英语,★★
Goodson,中性,['gudsn],古德森,古英语,★★
Goodwin,男性,['gudwin],古德温,古英语,★★★
Gordon,男性,['g&#596;:dn],戈登,古英语或盖尔语,★★★★
Gore,男性,[g&#596;:r],戈尔,古英语,★★
Gorman,男性,['g&#596;:m&#601;n],戈尔曼,盖尔语,★★
Goss,中性,[g&#596;s],戈斯,英语,★★
Gould,中性,[gu:ld],古尔德,英语,★★★
Grace,女性,[greis],格雷丝,拉丁语,★★
Gracia,女性,['grei&#643;i&#601;],格雷莎,英语,★
Grady,男性,['greidi],格雷迪,凯尔特语,★★
Graham,男性,['grei&#601;m],格雷厄姆,英语,★★★★
Granger,男性,['greind&#658;&#601;],格兰杰,盎格鲁诺曼底法语,★★
Grant,男性,[gr&#230;nt],格兰特,盖尔语,★★★★
Granville,男性,['gr&#230;nvil],格兰维尔,古法语,★
Graves,中性,[greivz],格雷夫斯,古英语,★★★
Gray,男性,[grei],格雷,古英语,★★★★
Hackett,男性,['h&#230;kit],哈克特,德语,★★
Hadley,中性,[''h&#230;dli],哈德利,古英语,★★
Hagan,中性,['heig&#601;n],黑根,盖尔语,★★
Hahn,中性,[ha:n],哈恩,德语,★★★
Hailey,中性,['heili],黑利,古英语,★
Haines,中性,['hainz],海恩斯,英语,★★
Hal,男性,[h&#230;l],哈尔,英语,无
Hale,男性,[heil],黑尔,英语,★★★
Haley,女性,['heili],黑利,古英语,★★★
Hall,中性,[h&#596;:l],霍尔,古英语,★★★★★
Halley,男性,['h&#230;li],哈利,古英语,★
Ham,中性,[h&#230;m],哈姆,希伯来语,★★
Hamilton,男性,['h&#230;milt&#601;n],汉密尔顿,古英语,★★★★
Hamlin,男性,['h&#230;mlin],哈姆林,法语,★★
Hamm,中性,[h&#230;m],哈姆,英语,★★
Hammer,男性,['h&#230;m&#601;],哈默,古英语,★★
Hammond,中性,['h&#230;m&#601;nd],哈蒙德,日耳曼语,★★★
Hampton,中性,['h&#230;mpt&#601;n],汉普顿,古英语,★★★
Hancock,男性,['h&#230;nk&#596;k],汉考克,古英语,★★★
Hand,男性,[h&#230;nd],汉德,英语,★★
Handy,中性,['h&#230;ndi],汉迪,英语,★★
Hank,男性,[h&#230;&#331;k],汉克,古德语,无
Hankins,中性,['h&#230;&#331;kinz],汉金斯,英语,★★
Hanks,中性,[h&#230;&#331;ks],汉克斯,中世纪英语,★★
Hanley,男性,['h&#230;nli],汉利,古英语,★★
Hanna,中性,['h&#230;n&#601;],汉纳,希伯来语,★★
Hannah,女性,['h&#230;n&#601;],汉纳；汉娜,希伯来语,★★
Hans,男性,[h&#230;nz],汉斯,斯堪的纳维亚语,★
Hanson,男性,['h&#230;nsn],汉森,丹麦语,★★★
Harden,男性,['h&#593;:dn],哈登,古英语,★★
Harding,男性,['ha:di&#331;],哈丁,古英语,★★★
Hardy,男性,['ha:di],哈迪；哈代,古德语,★★★
Hare,男性,[h&#603;&#601;],黑尔,中世纪英语,★★
Hargrove,男性,['ha:gr&#601;uv],哈格罗夫,古英语,★★
Harlan,男性,['ha:l&#601;n],哈伦,古英语,★★
Harland,男性,['ha:l&#601;nd],哈兰德,古英语,无
Harley,男性,['h&#593;:li],哈利,古英语,★★
Harold,男性,['h&#230;r&#601;ld],哈罗德,斯堪的纳维亚语,★
Harper,男性,['h&#593;:p&#601;],哈珀,古英语,★★★★
Harrell,男性,['h&#230;r&#601;l],哈勒尔,希伯来语,★★★
Harriet,女性,['h&#230;ri&#601;t],哈丽特,古德语,无
Harrington,中性,['h&#230;ri&#331;t&#601;n],哈林顿,古英语,★★★
Harris,男性,['h&#230;ris],哈里斯,英语,★★★★★
Harrison,男性,['h&#230;risn],哈里森,古英语,★★★★
Harry,男性,['h&#230;ri],哈里,古德语,★★
Hart,中性,[ha:t],哈特,古英语,★★★★
Hartley,男性,['ha:tli],哈特利,古英语,★★
Harvey,男性,['ha:vi],哈维,古英语,★★★★
Haskins,中性,['h&#230;skinz],哈斯金斯,,★★
Hassan,男性,['ha:s&#601;n],哈桑,阿拉伯语,★
Hastings,男性,['heisti&#331;z],黑斯廷斯,古英语,★★
Hatch,中性,[h&#230;t&#643;],哈奇,古英语,★★
Hatcher,中性,['h&#230;t&#643;&#601;],海切尔,英语,★★
Hatfield,中性,['h&#230;tfi:ld],哈特菲尔德,古英语,★★★
Hathaway,中性,['h&#230;&#952;&#601;.wei],海瑟薇,中世纪英语,★★
Hattie,女性,['h&#230;ti],哈蒂,英语,无
Hawk,男性,[h&#596;:k],霍克,古英语,★★
Hawkins,中性,['h&#596;:kinz],霍金斯,古英语,★★★★
Hawley,男性,['h&#596;:li],霍利,古英语,★★
Hawthorne,男性,['h&#596;:&#952;&#596;:n],霍索恩,古英语,★★
Hay,男性,[hei],海,苏格兰语,★★
Hayden,中性,['heid&#601;n],海登,古英语,★★★
Hayes,男性,[heiz],海斯,古英语,★★★★
Hayley,女性,['heili],海莉,古英语,无
Haynes,中性,[heinz],海恩斯,,★★★
Hays,中性,[heiz],海斯,,★★★
Haywood,男性,['heiwud],海伍德,古英语,★★
Hazel,女性,['heizl],黑兹尔,英语,★★
Head,中性,[hed],黑德,古英语,★★
Healy,男性,['hi:li],希利,英语,★★
Heard,中性,[h&#601;:d],赫德,中世纪英语,★★
Hearn,中性,[h&#601;:n],赫恩,盖尔语,★★
Heath,男性,[hi:&#952;],希思,中世纪英语,★★★
Heather,女性,['he&#240;&#601;],希瑟,中世纪英语,无
Hector,男性,['hekt&#601;],赫克托,希腊语,★
Hedwig,女性,['hedwig],赫德维格,古德语,无
Helen,女性,['hel&#601;n],海伦,希腊语,无
Helena,女性,['helin&#601;],海伦娜,希腊语,无
Helga,女性,['helg&#601;],赫尔加,日耳曼语,无
Hellen,中性,['hel&#601;n],海伦,英语,无
Heller,男性,['hel&#601;],赫勒,盖尔语,★★
Helms,中性,[helm],赫尔姆斯,英语,★★
Hemphill,中性,['hemphil],亨普希尔,古英语,★★
Henderson,中性,['hend&#601;sn],亨德森,苏格兰语,★★★★
Hendrix,中性,['hendriks],亨德里克斯,,★★
Henley,男性,['henli],亨利,古英语,★★
Henrietta,女性,[.henri'et&#601;],亨利埃塔,古德语,无
Henry,男性,['henri:],亨利,古德语,★★★★
Henson,男性,['hens&#601;n],汉森,苏格兰语,★★★
Herbert,男性,['h&#601;:b&#601;t],赫伯特,日耳曼语,★★
Herman,男性,['h&#601;:m&#601;n],赫尔曼,日耳曼语,★★★
Herring,中性,['heri&#331;],赫林,中世纪英语,★★★
Herrington,中性,['heri&#331;t&#601;n],赫林顿,古英语,★★
Herron,中性,['her&#601;n],赫伦,英语,★★
Herschel,男性,['h&#604;:&#643;&#601;l],赫歇耳,印度语,无
Hertha,女性,['h&#604;:&#952;&#601;],赫莎,日耳曼语,无
Hess,中性,[hes],赫斯,,★★★
Hester,女性,['hest&#601;],赫斯特,波斯语,★★★
Hewitt,中性,['hju:it],休伊特,德语,★★
Hickey,男性,['hiki],希基,爱尔兰语,★★
Hickman,中性,['hikm&#601;n],希克曼,英语,★★★
Hicks,中性,[hiks],希克斯,英语,★★★★
Higgins,中性,['hig&#601;nz],希金斯,爱尔兰语,★★★
Hilaria,女性,[hi'l&#603;&#601;ri&#601;],希莱丽娅,西班牙语,无
Hilary,中性,['hil&#601;ri],希拉里,拉丁语,无
Ian,男性,[i&#601;n],伊恩,苏格兰语,无
Ida,女性,['aid&#601;],艾达,日耳曼语,无
Idell,中性,['aidl],艾德尔,英语,无
Ike,男性,[aik],艾克,希伯来语,无
Ileana,女性,[ai'li:n&#601;],艾琳娜,希腊语,无
Ilse,女性,['ilz&#601;],伊尔泽,英语,无
Imogene,女性,['im&#601;.d&#658;i:n],伊莫吉恩,拉丁语,无
Ines,女性,['i:nes],伊内丝,西班牙语,无
Inez,女性,['i:nez],伊内兹,西班牙语,无
Inge,女性,[ind&#658;],英奇,斯堪的纳维亚语,无
Ingeborg,女性,['i&#331;g&#601;b&#596;:g],英格博格,斯堪的纳维亚语,无
Inger,女性,['i&#331;g&#601;],英格,古诺斯语,无
Ingram,男性,['i&#331;gr&#601;m],英格拉姆,日耳曼语,★★★
Ingrid,女性,['i&#331;grid],英格丽,斯堪的纳维亚语,无
Inman,男性,['inm&#601;n],英曼,古英语,★★
Iona,女性,[ai'&#601;un&#601;],艾奥娜,希腊语,无
Ira,男性,['ai&#601;r&#601;],艾拉,希伯来语,无
Irene,女性,['airi:n],艾琳,希腊语,无
Iris,女性,['airis],艾丽斯,希腊语,无
Irish,中性,['ai&#601;ri&#643;],艾里什,英语,★
Irma,女性,['&#604;:m&#601;],厄玛,日耳曼语,无
Irvin,男性,['&#601;:vin],欧文,盖尔语,★★
Irving,男性,['&#601;:vi&#331;],欧文,凯尔特语,★★
Irwin,男性,['&#601;:win],欧文,古英语,★★
Isa,女性,['aiz&#601;],艾萨,西班牙语,无
Isaac,男性,['aaiz&#601;k],艾萨克,希伯来语,★★
Isabel,女性,['iz&#601;bel],伊莎贝尔,西班牙语,无
Isabella,女性,[.iz&#601;'bel&#601;],伊莎贝拉,希伯来语,无
Isadora,女性,[.iz&#601;'d&#596;:r&#601;],伊莎多拉,希腊语,无
Isaiah,男性,[ai'zai&#601;],艾赛亚,希伯来语,无
Isis,女性,['aisis],伊希斯,埃及语,无
Ismael,男性,['ismi&#601;l],伊斯梅尔,希伯来语,无
Israel,男性,['izrei&#601;],伊斯雷尔,希伯来语,★★
Ivan,男性,['aiv&#601;n],伊凡,俄语,无
Iverson,中性,['aiv&#601;sn],艾弗森,英语,★★
Ivey,中性,['aivi],艾维,古英语,★★
Ivory,女性,['aiv&#601;ri],艾弗里,拉丁语,★★
Ivy,女性,['aivi],艾维,古英语,★★
Jack,男性,[d&#658;&#230;k],杰克,英语,★★
Jackie,中性,['d&#658;&#230;ki],杰基；杰姬,希伯来语,无
Jackson,男性,['d&#658;&#230;ksn],杰克逊,希伯来语,★★★★★
Jacob,男性,['d&#658;eik&#601;b],雅各布,希伯来语,★★
Jacobs,中性,['d&#658;eik&#601;bz],雅各布斯,英语,★★★
Jacobson,中性,['d&#658;eik&#601;bsn],雅各布森,英语,★★★
Jacqueline,女性,['d&#658;&#230;kli:n],杰奎琳,法语,无
Jacques,男性,[&#658;a:k],雅克,法语,★★
Jacquetta,女性,[d&#658;&#601;'ket&#601;],杰凯塔,,无
Jake,男性,[d&#658;eik],杰克,希伯来语,无
James,男性,[d&#658;eimz],詹姆斯,希伯来语,★★★★
Jameson,男性,['d&#658;eimsn],詹姆森,古英语,★★
Jamie,中性,['d&#658;eimi],杰米,希伯来语,无
Jamison,中性,['d&#658;eimis&#601;n],贾米森,苏格兰语,★★
Jan,中性,['d&#658;&#230;n],简,希伯来语,无
Jane,女性,[d&#658;ein],简,希伯来语,无
Janet,女性,['d&#658;&#230;nit],珍妮特,希伯来语,无
Janetta,女性,[d&#658;&#601;'net&#601;],珍妮塔,英语,无
Janey,女性,['d&#658;eini],詹妮,英语,无
Janice,女性,['d&#658;&#230;nis],贾妮丝,希伯来语,无
Janie,女性,['d&#658;eini],詹妮,英语,无
January,中性,['d&#658;&#230;nju&#601;ri],贾纽厄里,拉丁语,★
Jaqueline,女性,['d&#658;&#230;kli:n],杰奎琳,希伯来语,无
Jared,男性,['d&#658;&#230;rid],贾莱德,希伯来语,无
Jarred,男性,['d&#658;a:rid],贾里德,英语,无
Jarrett,男性,['d&#658;&#230;rit],贾勒特,法语,★★
Jarrod,男性,['d&#658;a:r&#601;d],贾洛德,英语,无
Jarvis,男性,['d&#658;a:vis],贾维斯,英语,★★★
Jasmine,女性,['d&#658;&#230;smin],贾斯敏,英语,无
Jason,男性,['d&#658;eisn],贾森,希腊语,★
Jasper,男性,['d&#658;&#230;sp&#601;],贾斯珀,波斯语,★★
Jay,男性,[d&#658;ei],杰伊,拉丁语,★
Jayne,女性,[d&#658;ein],杰恩,印度语,★
Jean,中性,[d&#658;i:n],吉恩,希伯来语,★★
Jeanette,女性,[d&#658;&#601;'net],珍妮特,法语,无
Jeannette,女性,[d&#658;i'net],珍妮特,法语,无
Jeannie,女性,['d&#658;i:ni],珍妮,法语,无
Jed,男性,[d&#658;ed],杰德,阿拉伯语,无
Jeff,男性,[d&#658;ef],杰夫,英语,无
Jeffers,中性,['d&#658;ef&#601;z],杰弗斯,,★★
Jefferson,男性,['d&#658;ef&#601;sn],杰弗森；杰斐逊,英语,★★★
Jeffery,男性,['d&#658;efri],杰弗里,英语,★★
Jeffrey,男性,['d&#658;efri:],杰弗里,古德语,★★
Jeffries,中性,['d&#658;efriz],杰弗里斯,,★★
Jeffry,男性,['d&#658;efri],杰弗里,英语,无
Jen,女性,[d&#658;en],詹,康沃尔语,无
Jenifer,女性,,珍妮弗,凯尔特语,无
Jenkins,中性,['d&#658;e&#331;kinz],詹金斯,英语,★★★★
Jennie,女性,['d&#658;ini],詹妮,威尔士语,无
Jennifer,女性,['d&#658;enif&#601;],珍妮弗,威尔士语,无
Jennings,中性,[d&#658;eni&#331;z],詹宁斯,中世纪英语,★★★
Jenny,女性,['d&#658;eni],詹妮,英语，凯尔特语,无
Jensen,中性,['jensn],詹森,北欧,★★★
Jeremiah,男性,[.d&#658;eri'mai&#601;],杰里迈亚,希伯来语,无
Jeremy,男性,['d&#658;erimi],杰里米,希伯来语,无
Jerome,男性,[d&#658;&#601;'r&#601;um],杰罗姆,希腊语,★
Jerrold,男性,['d&#658;er&#601;ld],杰罗尔德,英语,无
Jerry,男性,['d&#658;eri],杰里,希伯来语,★
Jess,中性,[d&#658;es],杰斯；杰丝,希伯来语,无
Jesse,中性,['d&#658;esi],杰西,希伯来语,★
Jessica,女性,['d&#658;esik&#601;],杰西卡,希伯来语,无
Jessie,女性,['d&#658;esi],杰西,希伯来语,★
Jesus,男性,['d&#658;i:z&#601;z],杰西,希伯来语,★
Jewel,女性,['d&#658;u&#601;l],朱厄尔,拉丁语,无
Jewell,男性,['d&#658;u:&#601;lz],朱厄尔,法语,★★
Jill,女性,[d&#658;il],吉尔,拉丁语,无
Jillian,女性,['d&#658;ili&#601;n],吉利安,拉丁语,无
Jim,男性,[d&#658;im],吉姆,希伯来语,★
Jimenez,中性,"[hi'mene&#952;, hi'mein&#601;s]",希梅内斯,,★★★
Jimmie,男性,['d&#658;imi],吉米,英语,无
Jimmy,男性,['d&#658;imi],吉米,希伯来语,无
Jo,女性,[d&#658;&#601;u],乔,英语,★
Joan,女性,['d&#658;&#601;un],琼,希伯来语,无
Joann,女性,,乔安,希伯来语,无
Joanna,女性,[d&#658;&#601;u'&#230;n&#601;],乔安娜,希伯来语,无
Joanne,女性,[d&#658;&#601;u'&#230;n],乔安妮,希伯来语,无
Jocelyn,女性,['d&#658;&#596;slin],乔斯林，乔斯琳,拉丁语,无
Joe,男性,[d&#658;&#601;u],乔,希伯来语,★
Joel,男性,['d&#658;&#601;u&#601;l],乔尔,希伯来语,无
Joey,中性,['d&#658;&#601;ui],乔伊,希伯来语,无
Johanna,女性,[d&#658;&#601;u'h&#230;n&#601;],约翰娜,希伯来语,无
John,男性,[d&#658;&#596;n],约翰,希伯来语,★★
Johnnie,男性,['d&#658;&#596;ni],约翰尼,英语,无
Johnny,男性,['d&#658;&#596;ni],约翰尼,希伯来语,无
Johns,中性,[d&#658;&#596;nz],约翰斯,英语,★★★
Johnson,男性,['d&#658;&#596;nsn],约翰逊,古英语,★★★★★
Johnston,中性,['d&#658;&#596;nst&#601;n],约翰斯顿,苏格兰语,★★★★
Joie,女性,[d&#658;&#596;i],乔伊,法语,无
Joiner,中性,['d&#658;&#596;in&#601;],乔伊纳,古法语,★★
Jolly,中性,['d&#658;&#596;li],乔利,中世纪英语，古法语,★★
Jon,男性,[d&#658;&#596;n],乔恩,希伯来语,无
Jonah,男性,['d&#658;&#601;un&#601;],乔纳,希伯来语,无
Jonas,男性,['d&#658;&#601;un&#601;s],乔纳斯,希伯来语,★
Jonathan,男性,['d&#658;&#596;n&#601;&#952;&#601;n],乔纳森,希伯来语,无
Jone,女性,[d&#658;&#596;:],乔恩,希伯来语,★
Jones,中性,[d&#658;&#601;unz],琼斯,中世纪英语,★★★★★
Jordan,中性,['d&#658;&#596;:dn],乔丹,希伯来语,★★★★
Jordon,男性,['d&#658;&#596;:d&#601;n],乔登,法语,★★
Jose,男性,[d&#658;&#601;uz],何塞,西班牙语,★
Joseph,男性,['d&#658;&#601;uzif],约瑟夫,希伯来语,★★★
Josephine,女性,['d&#658;&#601;uzifi:n],约瑟芬,希伯来语,无
Josh,男性,[d&#658;&#596;&#643;],乔希,希伯来语,无
Joshua,男性,['d&#658;&#596;&#643;w&#601;],乔舒亚,希伯来语,★
Josiah,男性,[d&#658;&#601;u'sai&#601;],约西亚,希伯来语,无
Josie,女性,['d&#658;&#601;uzi],乔西,英语,无
Kaley,女性,['keili],凯莉,凯尔特语,无
Kali,女性,['k&#593;:li],凯莉,梵文,无
Kane,男性,[kein],凯恩,爱尔兰语，盖尔语，凯尔特语,★★★
Karan,女性,['k&#230;r&#601;n],卡伦,希腊语,无
Karen,女性,['k&#593;:r&#601;n],卡伦,希腊语，丹麦语,无
Karin,女性,['ka:rin],卡琳,希腊语，瑞典语,无
Karl,男性,[ka:l],卡尔,希腊语,★
Karla,女性,['ka:l&#601;],卡拉,希腊语,无
Karol,女性,['k&#230;r&#601;l],卡罗尔,英语,无
Kate,女性,[keit],凯特,希腊语,无
Katharine,女性,['k&#230;&#952;&#601;rin],凯瑟琳,希腊语,无
Katherine,女性,[k&#230;&#240;&#601;rin],凯瑟琳,希腊语,无
Kathie,女性,['k&#230;&#952;i],凯西,英语,无
Kathleen,女性,['k&#230;&#952;li:n],凯瑟琳,希腊语,无
Kathryn,女性,['k&#230;&#952;rin],凯瑟琳,英语,无
Kathy,女性,['k&#230;&#952;i],凯西,凯尔特语,无
Katie,女性,['keiti],凯蒂,希腊语,无
Katrina,女性,[k&#601;'tri:n&#601;],卡特丽娜,希腊语,无
Katy,女性,['keiti],凯蒂,凯尔特语,无
Katz,中性,[k&#230;ts],卡茨,,★★
Kay,女性,[kei],凯,古英语,★★
Kaye,女性,[kei],凯,英语,★
Kearney,男性,['ka:ni],卡尼,盖尔语,★★
Kearns,中性,[k&#604;:nz],卡恩斯,盖尔语,★★
Keeley,男性,['ki:li],基利,爱尔兰语,★
Keely,女性,['ki:li],基利,凯尔特语,无
Keen,男性,[ki:n],基恩,中世纪英语,★★
Keene,中性,[ki:n],基恩,凯尔特语,★★
Keith,男性,[ki:&#952;],基思,苏格兰语,★★★
Keller,中性,['kel&#601;],凯勒,盖尔语,★★★
Kelley,女性,['keli],凯利,盖尔语,★★★★
Kellogg,中性,['kel&#596;g],凯洛格,中世纪英语,★★
Kelly,中性,['keli],凯利,爱尔兰语，盖尔语,★★★★
Kelsey,中性,['kelsi],凯尔西,古英语,★★
Kelvin,男性,['kelvin],凯尔文,凯尔特语,无
Kemp,男性,[kemp],肯普,中世纪英语,★★★
Ken,男性,[ken],肯,凯尔特语,无
Kendal,男性,['kend&#601;l],肯德尔,凯尔特语,无
Kendall,中性,['kendl],肯德尔,古英语，凯尔特语,★★
Kendrick,男性,['kendrik],肯德里克,威尔士语,★★
Kenna,女性,['ken&#601;],肯纳,凯尔特语,无
Kennedy,男性,['kenidi],肯尼迪,盖尔语,★★★★
Kenneth,男性,['keni&#952;],肯尼思,凯尔特语,无
Kenney,男性,['keni],肯尼,苏格兰语,★★
Kenny,男性,['keni],肯尼,盖尔语,★★
Kent,男性,[kent],肯特,英语,★★★
Kenton,男性,['kentn],肯顿,古英语,无
Kenyatta,男性,[ken'ja:t&#601;],肯雅塔,,无
Kermit,男性,['k&#604;:mit],克米特,凯尔特语,无
Kern,男性,[k&#601;:n],克恩,盖尔语,★★
Kerr,男性,[k&#601;:],克尔,斯堪的那维亚语,★★★
Kerry,中性,['keri],克里,凯尔特语,无
Kevin,男性,['kevin],凯文,凯尔特语,无
Key,男性,[ki:],基,盖尔语,★★★
Keyes,中性,[ki:z],基斯,盖尔语,★★
Keys,中性,[ki:z],基斯,爱尔兰语,★★
Khan,中性,[ka:n],汗,土耳其语,★★
Kidd,中性,[kid],基德,中世纪英语,★★
Kimber,中性,['kimb&#601;],金伯,古英语,★
Kimberley,女性,['kimb&#601;li],金伯利,古英语,无
Kimberly,女性,['kimb&#601;li],金伯利,古英语,无
Kimbrough,女性,['kimbr&#601;],金布罗,英语,★★
Kincaid,男性,[kin'keid],金凯德,盖尔语,★★
King,男性,[ki&#331;],金,古英语,★★★★★
Kinney,中性,['kini],金尼,苏格兰语,★★★
Kinsey,男性,['kinzi],金西,古英语,★★
Kirby,男性,['k&#604;:bi],柯比,古诺斯语,★★★
Kirk,男性,[k&#601;:k],柯克,古诺斯语，古德语,★★★
Kirkland,男性,['k&#604;:kl&#601;nd],柯克兰,古英语,★★
Kirkpatrick,中性,[k&#604;:k'p&#230;trik],柯克帕特里克,英语,★★
Kirsten,女性,['k&#601;:st&#601;n],柯尔斯顿,希腊语,无
Kit,男性,[kit],基特,英语,无
Kitchen,中性,['kit&#643;in],基钦,古英语,★★
Kittie,女性,['kiti],基蒂,英语,无
Kitty,女性,['kiti],基蒂,希腊语,无
Klein,男性,[kl&#601;in],克莱因,古德语,★★★
Knapp,中性,[n&#230;p],纳普,古英语,★★★
Knight,男性,[nait],奈特,中世纪英语,★★★★
Knowles,中性,[n&#601;ulz],诺尔斯,中世纪英语,★★
Knox,男性,[n&#596;ks],诺克斯,古英语,★★★
Koch,中性,[k&#596;k],科赫,,★★★
Kohler,中性,['k&#604;:l&#601;],克勒,,★★
Krishna,未知,['kri&#643;n&#601;],克利须那,,无
Kuhn,中性,[ku:n],库恩,,★★
Kyle,中性,[kail],凯尔,盖尔语,★★
Lacey,女性,['leisi],莱西,高卢语,★★
Lacy,男性,['leisi],莱西,古法语,★★
Ladd,男性,['l&#230;d],拉德,中世纪英语,★★
Laird,男性,[l&#603;&#601;d],莱尔德,中世纪英语,★★
Lake,中性,[leik],莱克,拉丁语,★★
Lamb,中性,[l&#230;m],拉姆,古英语,★★★
Lambert,男性,['l&#230;mb&#601;t],兰伯特,德语,★★★
Lamont,男性,['l&#230;m&#601;nt],拉蒙特,古诺斯语,★
Lana,女性,['l&#230;n&#601;],拉娜,希腊语,无
Lancaster,中性,['l&#230;&#331;k&#601;st&#601;],兰卡斯特,古英语,★★
Lance,男性,[l&#230;ns],兰斯,日耳曼语,★★
Land,中性,[l&#230;nd],兰德,古英语,★★
Lane,中性,[lein],莱恩,中世纪英语,★★★★
Lang,男性,[l&#230;&#331;],兰格,斯堪的那维亚语,★★★
Lange,男性,['l&#230;&#331;&#601;],兰格,盎格鲁-撒克逊语,★★
Langford,中性,['l&#230;&#331;f&#601;d],兰福德,古英语,★★
Langley,中性,['l&#230;&#331;li],兰利,古英语,★★
Langston,男性,['l&#230;&#331;st&#601;n],兰斯顿,古英语,★★
Lanny,男性,['l&#230;ni],兰尼,英语,无
Lara,女性,['l&#230;r&#601;],拉腊,拉丁语,★★★
Larkin,男性,['la:kin],拉金,盖尔语,★★
Larry,男性,['l&#230;ri],拉里,拉丁语,★
Larson,男性,['la:sn],拉森,斯堪的纳维亚语,★★★
Lassiter,中性,['l&#230;sit&#601;],拉西特,英语,★★
Latham,男性,['lei&#952;&#601;m],莱瑟姆,斯堪的纳维亚语,★★
Latonia,女性,[l&#601;'t&#601;un&#601;],拉托娜,拉丁语,无
Laura,女性,['l&#596;:r&#601;],劳拉,拉丁语,无
Laurel,女性,['l&#596;r&#601;l],劳雷尔；劳蕾尔,拉丁语,无
Lauren,女性,['l&#596;:r&#601;n],劳伦,拉丁语,无
Laurence,男性,['l&#596;r&#601;ns],劳伦斯,拉丁语,★
Lauretta,女性,[l&#596;:'ret&#601;],劳雷塔,英语,无
Laurie,中性,['l&#596;:ri],劳里,拉丁语,★
Laurinda,女性,[l&#596;'rind&#601;],劳琳达,拉丁语,无
Lavelle,中性,['l&#230;vil],拉韦尔,盖尔语,★
Laverne,女性,[l&#601;'v&#604;:n],拉弗恩,法语,无
Lavinia,女性,[l&#601;'vini&#601;],拉维尼亚,拉丁语,无
Law,中性,[l&#596;:],劳,古英语,★★
Lawler,男性,['l&#596;:l&#601;],劳勒,盖尔语,★★
Lawrence,男性,['l&#596;r&#601;ns],劳伦斯,拉丁语,★★★★
Laws,中性,[l&#596;:z],劳斯,英语,★★
Lawson,中性,['l&#596;:sn],劳森,古英语,★★★★
Lay,男性,[lei],莱,英语,★★
Layne,男性,[lein],莱恩,英语,★★
Layton,男性,['leitn],莱顿,古英语,★★
Lea,女性,[li:],利；莉,希伯来语,★
Leach,中性,[li:t&#643;],利奇,古英语,★★★
Leah,女性,[li&#601;],利亚,希伯来语,无
Leal,男性,['li:l],利尔,西班牙语、葡萄牙语,★★
Lean,男性,[li:n],利恩,中世纪英语,无
Leary,中性,['li:ri],利里,爱尔兰语,★★
Leda,女性,['li:d&#601;],莉达,希腊语,无
Ledbetter,中性,['led.bet&#601;],莱德贝特,英语,★★
Lee,中性,[li:],李,古英语,★★★★★
Leif,男性,['li:f],利夫,斯堪的纳维亚语,无
Leigh,中性,[li:],利；莉,古英语,★
Leila,女性,['li:l&#601;],莉拉,阿拉伯语,无
Leilani,女性,[li:'l&#230;ni],莉兰妮,夏威夷语,无
Leland,男性,['li:l&#601;nd],利兰,古英语,★
Lemon,中性,['lem&#601;n],莱蒙,古英语,★★
Lemuel,男性,['lemju&#601;l],莱缪尔,希伯来语,无
Len,男性,[len],莱恩,条顿语,无
Lena,女性,['li:n&#601;],莉娜,希腊语,无
Lenard,男性,['lein&#593;:t],伦纳德,法语,★
Lennie,男性,['leni],伦尼,盖尔语,无
Lenny,男性,['leni],伦尼,英语,无
Lenora,女性,[l&#601;'n&#596;:r&#601;],勒诺拉,英语,无
Lenore,女性,[l&#601;'n&#596;:],勒诺,希腊语,无
Leo,男性,['li(:)&#601;u],利奥,拉丁语,★
Leon,男性,[lei'&#601;un],利昂；列夫,拉丁语,★★★
Leonard,男性,['len&#601;d],伦纳德,古德语,★★★
Leonie,女性,['li:&#601;ni],莉奥妮,希腊语,无
Leonora,女性,[.li:&#601;'n&#596;:r&#601;],莉奥诺拉,希腊语,无
Leonore,女性,['li:&#601;n&#596;:],莉奥诺,法语,无
Leroy,男性,[l&#601;'r&#596;i],勒罗伊,古法语,★
Les,男性,[lez],莱斯,英语,无
Lesley,中性,['lesli],莱斯利，莱斯莉,凯尔特语,★
Leslie,中性,['lezli],莱斯利,盖尔语,★★
Lester,男性,['lest&#601;],莱斯特,拉丁语,★★★
Letitia,女性,[li't&#643;i&#601;],莉蒂希娅,拉丁语,无
Lettie,女性,['leti],莱蒂,拉丁语,无
Letty,女性,['leti],莱蒂,拉丁语,无
Levi,男性,['li:vai],利瓦伊,希伯来语,★
Levy,中性,['levi],利维,中世纪英语，古英语,★★★
Lewis,男性,['lu:is],刘易斯,德语,★★★★★
Libby,女性,['libi],利比；莉比,英语，希伯来语,★★
Light,中性,[lait],莱特,古英语,★★
Lili,女性,['lili],莉莉,法语,无
Lilian,中性,['lili&#601;n],莉莲,英语,无
Lillian,女性,['lili&#601;n],莉莲,拉丁语,无
Lillie,女性,['lili:],利利,英语,★
Lilly,女性,['lili],利利,英语,★★
Lily,女性,['lili],莉莉,拉丁语,无
Lina,女性,['li:n&#601;],莉娜,阿拉伯语,无
Lincoln,男性,['li&#331;k&#601;n],林肯,拉丁语,★★
Lind,男性,[lind],林德,英语,★★
Linda,女性,['lind&#601;],琳达,西班牙语,无
Lindsay,中性,['linzi],林赛,古英语,★★
Lindy,女性,['lindi],琳迪,英语,无
Ling,中性,[li&#331;],林,古英语,★
Link,男性,[li&#331;k],林克,英语,★★
Linn,女性,[lin],林,古英语,★★
Linsey,女性,['linzi],林赛,英语,无
Lionel,男性,['lai&#601;nl],莱昂内尔,拉丁语,无
Lipscomb,中性,['lipsk&#601;m],利普斯科姆,,★★
Lisa,女性,['li:z&#601;],莉萨,英语,无
Mabel,女性,['m&#230;b&#601;l],梅布尔,英语,无
Mac,男性,[m&#230;k],麦克,凯尔特语,无
MacDonald,男性,[m&#601;k'd&#596;n&#601;ld],麦克唐纳,苏格兰语,★★★
Mack,男性,[m&#230;k],麦克,凯尔特语,★★★
Macy,女性,['meisi],梅西,法语,★
Madden,中性,[m&#230;dn],马登,爱尔兰语,★★
Maddox,男性,['m&#230;d&#601;ks],马多克斯,盎格鲁威尔士语,★★★
Madeleine,女性,['m&#230;d&#601;lin],马德琳,希伯来语,无
Madeline,女性,['m&#230;dlin],玛德林,希伯来语,无
Madge,女性,[m&#230;d&#658;],玛奇,希腊语,无
Madison,中性,['m&#230;disn],麦迪逊,英语,★★
Madonna,女性,[m&#601;'d&#596;n&#601;],麦当娜,拉丁语,无
Mae,女性,[mei],梅,英语,无
Magda,女性,['m&#230;gd&#601;],玛格达,德语,无
Magdalen,女性,['m&#230;gd&#601;lin],玛格德琳,希伯来语,无
Magee,男性,[m&#601;'gi:],马吉,爱尔兰语,★★
Maggie,女性,['m&#230;gi],玛吉,希腊语,无
Magnolia,女性,[m&#230;g'n&#601;uli&#601;],玛格诺莉娅,拉丁语,无
Mahoney,男性,['ma:&#601;ni],马奥尼,爱尔兰语,★★
Maisie,女性,['meizi],梅奇,英语,无
Major,男性,['meid&#658;&#601;],梅杰,拉丁语,★★
Malcolm,男性,['m&#230;lk&#601;m],马尔科姆,凯尔特语,★★
Malcom,男性,['m&#230;lk&#601;m],马尔科姆,英语,★
Mallory,女性,['m&#230;l&#601;ri],马洛里,古法语,★★
Malloy,男性,['m&#230;l&#601;ri],马洛伊,爱尔兰语,★★
Malone,中性,[m&#601;'l&#601;un],马隆,爱尔兰语,★★★
Maloney,男性,[m&#601;'l&#601;uni],马洛尼,盖尔语,★★
Malvina,女性,[m&#230;l'vi:n&#601;],马尔维纳,盖尔语,无
Mamie,女性,['meimi],梅米,英语,无
Man,中性,[m&#230;n],曼,英语,★
Mandy,女性,['m&#230;ndi],曼迪,拉丁语,无
Manley,男性,['m&#230;nli:],曼利,古英语,★★
Mann,男性,[m&#230;n],曼,日耳曼语,★★★
Manning,中性,['m&#230;ni&#331;],曼宁,古英语,★★★
Mansfield,男性,['m&#230;nz.fi:ld],曼斯菲尔德,古英语,★★
Manuel,男性,['m&#230;njuel],曼纽尔,西班牙语,★★
Maple,中性,['meipl],梅普尔,古英语,★
Marcella,女性,[ma:'sel&#601;],玛塞拉,拉丁语,无
Marcellus,男性,[ma:'sel&#601;s],马塞勒斯,拉丁语,★
Marcia,女性,['ma:sj&#601;],玛西亚,拉丁语,无
Marcos,中性,['ma:k&#601;us],马科斯,葡萄牙语,★
Marcus,男性,['ma:k&#601;s],马库斯,拉丁语,★★
Margaret,女性,['ma:g&#601;rit],玛格丽特,希腊语,无
Marge,女性,[ma:d&#658;],玛吉,英语,无
Margery,女性,['ma:d&#658;&#601;ri],玛杰丽,法语,无
Margie,女性,['ma:d&#658;i],玛吉,波斯语,无
Margot,女性,['ma:g&#601;u],玛格,希腊语,无
Marguerite,女性,[.ma:g&#601;'ri:t],玛格丽特,法语,无
Maria,女性,[m&#601;'ri:&#601;],玛丽亚,希伯来语,★
Marian,女性,['m&#603;&#601;ri&#601;n],玛丽安,法语,无
Mariana,女性,['m&#603;&#601;ri'&#230;n&#601;],玛丽安娜,拉丁语,无
Marianne,女性,[.m&#230;ri'&#230;n],玛丽安妮,法语,无
Marie,女性,['m&#593;:ri(:)],玛丽,希伯拉语,★
Marietta,女性,[m&#603;&#601;ri'et&#601;],玛丽埃塔,希伯来语,无
Marilyn,女性,['m&#230;r&#601;lin],玛丽琳,英语,无
Marin,女性,['m&#230;rin],马林,拉丁语,★★
Marina,女性,[m&#601;'ri:n&#601;],玛丽娜,拉丁语,无
Mario,男性,['m&#230;ri&#601;u],马里奥,拉丁语,无
Marion,中性,['m&#603;&#601;ri&#601;n],玛丽恩；马里恩,英语,★★
Marjorie,女性,['ma:d&#658;&#601;ri],玛乔丽,法语,无
Marjory,女性,['ma:d&#658;&#601;ri],玛乔丽,希腊语,无
Mark,男性,[m&#593;:k],马克,拉丁语,★★
Marks,中性,[ma:ks],马克斯,古英语,★★★
Marlene,女性,['m&#593;:li:n],玛琳,德语,无
Marlin,男性,['ma:lin],马林；玛莲,英语,★
Marnie,女性,['ma:ni],马尼,拉丁语或希腊语,无
Marquez,中性,[ma:'keiz],马尔克斯,,★★★
Marquis,男性,['ma:kwis],马奎斯,古法语,★★
Marsh,男性,[ma:&#643;],马什,古英语,★★★
Marshall,男性,['m&#593;:&#643;&#601;l],马歇尔,古法语,★★★★
Martha,女性,['m&#593;:&#952;&#601;],玛莎,阿拉姆语,无
Martin,男性,['ma:tin],马丁,拉丁语,★★★★★
Martinez,中性,[ma:'ti:n&#601;s],马丁内斯,,★★★★★
Marvel,女性,['ma:v&#601;l],马弗尔,拉丁语,★
Marvin,男性,['ma:vin],马文,日耳曼语,★★
Marx,中性,[ma:ks],马克思,德语,★★
Mary,女性,['m&#603;&#601;ri],玛丽,希伯来语,★
Mason,男性,['meisn],梅森,古法语,★★★★
Massey,中性,['m&#230;si:],马西,,★★★
Masters,中性,['ma:st&#601;z],马斯特斯,英语,★★
Mathew,男性,['m&#230;&#952;ju:],马修,英语,★
Mathews,男性,['m&#230;&#952;ju:z],马修斯,希伯来语,★★★
Mathilda,女性,[m&#601;'tild&#601;],玛蒂尔达,古德语,无
Mathis,中性,['m&#230;&#952;iz],马西斯,,★★★
Matilda,女性,[m&#601;'ti:ld&#601;],玛蒂尔达,古德语,无
Matson,中性,['m&#230;tsn],马特森,英语,★★
Matt,男性,[m&#230;t],马特,希伯来语,★
Matthew,男性,['m&#230;&#952;ju:],马修,希伯来语,★★
Matthews,中性,['m&#230;&#952;ju:z],马修斯,英语,★★★★
Mattie,中性,['m&#230;ti],玛蒂；马蒂,阿拉姆语,无
Maud,女性,[m&#596;d],莫德,法语,无
Maude,女性,,莫德,德语、法语或希伯来语,无
Maura,女性,['m&#596;:r&#601;],莫拉,拉丁语,无
Maureen,女性,['m&#596;:ri:n],莫琳,盖尔语,无
Maurice,男性,[m&#596;:ris],莫里斯,拉丁语,★
Mavis,女性,['meivis],梅维丝,凯尔特语，古法语,无
Max,男性,[m&#230;ks],马克斯,拉丁语,★
Maxine,女性,[m&#230;k'si:n],玛克辛,拉丁语,无
Maxwell,男性,['maksw&#601;l],马克斯韦尔,古英语,★★★
May,女性,[mei],梅,拉丁语,★★★
Maye,中性,[mei],梅,英语,★
Mayer,男性,['mei&#601;],迈耶,日耳曼语,★★★
Mayes,中性,[meiz],梅斯,英语,★★
Mayfield,男性,['meifi:ld],梅菲尔德,古英语,★★
Maynard,男性,['mein&#601;d],梅纳德,日耳曼语,★★★
Nadine,女性,[nei'di:n],娜丁,法语,无
Nan,女性,[n&#230;n],南,希伯来语,无
Nana,女性,[n&#230;n&#601;],内娜,夏威夷语,无
Nance,中性,[n&#230;ns],南斯,英语,★★
Nancy,女性,['n&#230;nsi],南希,英语,无
Nanette,女性,[n&#601;'net],南内特,英语,无
Nannie,女性,['n&#230;ni],南妮,希伯来语,无
Naomi,女性,['nei&#601;mi],娜奥米,希伯来语,无
Napier,中性,['neipi&#601;],内皮尔,苏格兰语,★★
Napoleon,男性,[n&#601;'p&#601;ulj&#601;n],拿破仑,希腊语,★
Nash,男性,[n&#230;&#643;],纳什,古英语,★★★
Natalia,女性,[n&#601;'t&#230;lj&#601;],纳塔利,拉丁语,无
Natalie,女性,['n&#230;t&#601;li],娜塔丽,法语,无
Nathalie,女性,['n&#230;&#952;&#601;li],纳瑟莉,拉丁语,无
Nathan,男性,['nei&#952;&#601;n],内森,希伯来语,★
Nathanael,男性,[n&#601;'&#952;&#230;nj&#601;l],纳撒内尔,英语,无
Nathaniel,男性,[n&#601;'&#952;&#230;nj&#601;],纳撒尼尔,希伯来语,★
Naylor,男性,['neil&#601;],内勒,中世纪英语，古英语,★★
Neal,男性,[ni:l],尼尔,凯尔特语，爱尔兰语,★★★
Ned,男性,[ned],内德,英语,无
Neely,男性,['ni:li],尼利,英语,★★
Neil,男性,['ni:l],尼尔,盖尔语,★★
Nell,女性,[nel],内尔,希腊语,★
Nellie,女性,['neli],内莉,英语,无
Nelly,女性,['neli],妮莉,英语,无
Nelson,男性,['nelsn],纳尔逊,凯尔特语,★★★★
Nesbitt,中性,['nezbit],内斯比特,英语,★★
Nestor,男性,['nest&#596;:],内斯特,希腊语,★
Nettie,女性,['neti],内蒂,条顿语,无
Neville,男性,['nevil],内维尔,古法语,★★
Newby,中性,['nju:bi],纽比,中世纪英语,★★
Newell,男性,['nju:&#601;l],纽厄尔,古英语,★★
Newman,男性,['nju:m&#601;n],纽曼,古英语,★★★
Newsome,中性,['nju:s&#601;m],纽瑟姆,古英语,★★
Newton,男性,['nju:tn],牛顿,古英语,★★★
Nichol,男性,['nikl],尼科尔,法语,★
Nicholas,男性,['nik&#601;l&#601;s],尼古拉斯,希腊语,★★
Nichols,中性,['nik&#601;lz],尼科尔斯,英语,★★★★
Nicholson,中性,['nik&#601;lsn],尼科尔森,英语,★★★
Nick,男性,[nik],尼克,英语,★
Nickerson,中性,['nik&#601;sn],尼克森,,★★
Nicol,男性,['nikl],尼科尔,英语,★
Nicola,女性,['nik&#601;l&#601;],尼古拉,法语,无
Nicolas,男性,['nik&#601;l&#601;s],尼古拉斯,圣经,★
Nicole,女性,[ni'k&#601;ul],妮可,希腊语,无
Nicolette,女性,[.nik&#601;'let],尼科莱特,法语,无
Nicolle,男性,[ni:'k&#596;:l],尼科尔,,无
Nielsen,中性,['nils&#601;n],尼尔森,丹麦语,★★★
Nigel,男性,['naid&#658;&#601;l],奈杰尔,拉丁语,无
Nina,女性,['ni:n&#601;],妮娜,希伯来语,无
Nita,女性,['ni:t&#601;],尼塔,西班牙语,无
Nix,中性,[niks],尼克斯,英语,★★
Nixon,男性,['niksn],尼克松,古英语,★★★
Noah,女性,['n&#601;u&#601;],诺亚,希伯来语,★
Noble,男性,['n&#601;ubl],诺布尔,拉丁语,★★★
Noe,中性,['n&#601;u&#601;],诺埃,希伯来语,★★
Noel,中性,['n&#601;u&#601;l],诺埃尔,古法语,★★
Nola,女性,['n&#601;ul&#601;],诺拉,凯尔特语,无
Nolan,男性,['n&#601;ul&#601;n],诺兰,盖尔语,★★★
Nona,女性,['n&#601;un&#601;],诺娜,拉丁语,无
Nora,女性,['n&#596;:r&#601;],诺拉,拉丁语,无
Norah,女性,['n&#596;:r&#601;],诺拉,法语,无
Noreen,女性,['n&#596;:ri:n],诺琳,希腊语,无
Norene,女性,[n&#596;:'ri:n],诺琳,爱尔兰语,无
Norma,女性,['n&#596;:m&#601;],诺玛,拉丁语,无
Norman,男性,['n&#596;:m&#601;n],诺曼,日耳曼语,★★★
Normand,男性,['n&#596;:m&#601;nd],诺曼德,英语,★
Norris,男性,['n&#596;ris],诺里斯,古法语,★★★
North,中性,[n&#596;:&#952;],诺思,古英语,★★
Norton,男性,['n&#596;:t&#601;n],诺顿,古英语,★★★
Norwood,男性,['n&#596;:.wud],诺伍德,古英语,★★
Nugent,中性,['nju:d&#658;&#601;nt],纽金特,拉丁语,★★
Nunn,中性,[n&#652;n],纳恩,中世纪英语,★★
Oakes,男性,[&#601;uk&#601;z],奥克斯,古英语,★★
Oakley,男性,['&#601;ukli],奥克利,古英语,★★
Ochoa,中性,[&#601;u't&#643;&#601;u&#601;],奥乔亚,,★★★
Octavia,女性,[&#596;k'teivi&#601;],奥克塔维亚,拉丁语,无
Odell,男性,[&#601;u'del],奥德尔,古英语,★★
Odette,女性,[&#601;u'det],奥黛塔,法语,无
Odom,男性,['&#601;ud&#601;m],奥多姆,英语,★★★
Ogden,男性,['&#596;:gd&#601;n],奥格登,古英语,★★
Olga,女性,['&#596;lg&#601;],奥尔加,日耳曼语,无
Olive,女性,['&#596;liv],奥丽弗/奥利夫,拉丁语,★
Oliver,男性,['&#596;liv&#601;],奥利弗,拉丁语,★★★★
Olivia,女性,['&#596;livi&#601;],奥莉维亚,拉丁语,无
Ollie,中性,['&#596;li],奥利,拉丁语,★
Olympia,女性,[&#601;u'limpi&#601;],奥林匹亚,希腊语,无
Opal,女性,['&#601;up&#601;l],奥帕尔,英语,无
Ophelia,女性,[&#601;u'fi:li&#601;],奥菲莉亚,希腊语,无
Orlando,男性,[&#596;:'l&#230;nd&#601;u],奥兰多,古德语,★★
Orr,中性,[&#596;:],奥尔,古诺斯语，盖尔语，古英语,★★★
Ortega,中性,[&#596;:'teig&#601;],奥尔特加,,★★★
Orval,男性,['&#596;:v&#601;l],奥瓦尔,古英语,无
Orville,男性,['&#596;:vil],奥韦尔,古英语,无
Osborn,男性,['&#596;zb&#601;n],奥斯本,古诺斯语,★★★
Osborne,中性,['&#596;zb&#601;n],奥斯本,英语,★★★
Oscar,男性,['&#596;sk&#601;],奥斯卡,古英语,★
Otto,男性,['&#596;t&#601;u],奥托,日耳曼语,★★
Overton,中性,['&#601;uv&#601;tn],奥弗顿,古英语,★★
Owen,男性,['&#601;uin],欧文,盖尔语,★★★
Pace,中性,[peis],佩斯,中世纪英语,★★★
Pack,中性,[p&#230;k],帕克,古英语,★★
Padgett,男性,['p&#230;d&#658;it],帕吉特,法语,★★
Pagan,中性,['peig&#601;n],佩根,拉丁语,★★
Page,男性,[peid&#658;],佩奇,古法语,★★★
Paige,女性,[peid&#658;],佩奇,英语,★★
Painter,中性,['peint&#601;],佩因特,中世纪英语、古法语,★★
Palmer,男性,['pa:m&#601;],帕尔默,古英语,★★★★
Pam,女性,[p&#230;m],帕姆,希腊语,无
Pamela,女性,['p&#230;mil&#601;],帕梅拉,希腊语,无
Pandora,女性,[p&#230;n'd&#596;:r&#601;],潘多拉,希腊语,无
Pansy,女性,['p&#230;nzi],潘西,希腊语,无
Parham,中性,['p&#230;r&#601;m],帕勒姆,古英语,★★
Paris,中性,['p&#230;ris],帕里斯,希腊语，英语,★★
Parish,中性,['p&#230;ri&#643;],帕里什,古法语,★★
Park,男性,[pa:k],帕克,中国,★★★
Parker,男性,['pa:k&#601;],帕克,古英语,★★★★
Parks,中性,[pa:ks],帕克斯,英语,★★★
Parnell,中性,[p&#593;:'nel],帕内尔,拉丁语，法语,★★
Parr,男性,[pa:],帕尔,古英语,★★
Parrish,男性,['p&#230;ri&#643;],帕里什,古法语，英语,★★★
Parsons,中性,['p&#593;:snz],帕森斯,古英语,★★★
Pat,中性,[p&#230;t],帕特,英语,无
Pate,中性,[peit],佩特,中世纪英语,★★
Patience,女性,['pei&#643;&#601;ns],佩欣丝,英语,无
Patricia,女性,[p&#601;'tri&#643;&#601;],帕特里夏,拉丁语,无
Patrick,男性,['p&#230;trik],帕特里克,拉丁语,★★★
Patten,男性,['p&#230;tn],帕藤,中世纪英语,★★
Patterson,中性,['p&#230;t&#601;s&#601;n],帕特森,苏格兰语，古英语,★★★★
Patti,女性,['patti],帕蒂,拉丁语,★
Pattie,女性,['p&#230;ti],帕蒂,阿拉米语,无
Patton,男性,['p&#230;tn],巴顿,古英语,★★★
Patty,女性,['p&#230;ti],帕蒂,阿拉米语,★
Paul,男性,[p&#596;:l],保罗,拉丁语,★★★
Paula,女性,['p&#596;:l&#601;],宝拉,西班牙语,无
Paulina,女性,[p&#596;:'li:n&#601;],宝琳娜,拉丁语,无
Pauline,女性,['p&#596;:lain],葆琳,拉丁语,★
Paulson,中性,[p&#596;:lsn],保尔森,英语,★★
Payne,男性,[pein],佩恩,拉丁语,★★★★
Payton,中性,['peitn],佩顿,古英语,★★
Paz,女性,[pa:z],帕斯,希伯来语,★★
Peachey,中性,['pi:t&#643;i],皮奇,古法语,★★
Peacock,中性,['pi:k&#596;k],皮科克,中世纪英语,★★
Pearce,男性,[pi&#601;s],皮尔斯,盎格鲁-撒克逊语,★★
Pearl,女性,[p&#601;:l],珀尔,拉丁语,★
Pearson,男性,['pi&#601;sn],皮尔逊,英语,★★★
Peck,中性,[pek],佩克,中世纪英语,★★★
Peg,女性,[peg],佩格,英语,无
Peggie,女性,['pegi],佩吉,英语,无
Peggy,女性,['pegi],佩吉,希腊语,无
Pendleton,中性,['pendlt&#601;n],彭德尔顿,古英语,★★
Penelope,女性,[pi'nel&#601;pi],佩内洛普,希腊语,无
Penn,男性,[pen],佩恩,世纪英语、古英语,★★
Penney,女性,['peni:],彭尼,希腊语,★
Pennie,女性,['peni],彭尼,希腊语,无
Pennington,中性,['peni&#331;t&#601;n],彭宁顿,古英语,★★★
Penny,女性,['peni],彭尼，彭妮,英语,★★
Peoples,中性,['pi:plz],皮普尔斯,英语,★★
Percy,男性,['p&#601;:si],珀西,拉丁语,★
Perdue,中性,[p&#601;:'dju:],珀杜,英语,★★
Perkins,中性,['p&#604;:kinz],珀金斯,英语,★★★★
Perry,男性,['peri],佩里,中世纪英语,★★★★
Pete,男性,[pi:t],皮特,英语,★
Peter,男性,['pi:t&#601;],彼得,希腊语,★
Peters,中性,['pi:t&#601;z],彼得斯,英语,★★★★
Peterson,男性,['pi:t&#601;sn],彼得森,英语,★★★★
Pettit,中性,['petit],佩蒂特,盎格鲁诺曼底法语,★★
Petty,女性,['peti],佩蒂,英语,★★★
Phelps,男性,[felps],费尔普斯,古英语,★★★
Phil,男性,[fil],菲尔,英语,无
Philip,男性,['filip],菲利普,希腊语,★
Phillip,男性,['filip],菲利普,希腊语,★
Phillips,男性,['filips],菲利普斯,英语,★★★★
Phillis,女性,['fiis],菲利斯，菲莉丝,希腊语,无
Philomena,女性,[.fil&#601;'mi:n&#601;],菲洛米娜,希腊语,无
Phipps,男性,[fips],菲普斯,古英语,★★
Phoebe,女性,['fi:bi],菲比,希腊语,无
Phyllis,女性,['filis],菲莉丝,希腊语,无
Pickett,中性,['pikit],皮克特,英语,★★★
Pierce,中性,[pi&#601;s],皮尔斯,英语,★★★★
Pierre,男性,[pi(:)'&#603;&#601;],皮埃尔,法语,★★
Pierson,男性,['pi&#601;sn],皮尔森,英语,★★
Pike,男性,[paik],派克,英语,★★
Piper,女性,['paip&#601;],派珀,英语,★★
Pittman,中性,['pitm&#601;n],皮特曼,英语,★★★
Pitts,中性,['pits],皮茨,英语,★★★
Platt,男性,[pl&#230;t],普拉特,古法语,★★
Plummer,中性,['pl&#652;m&#601;],普卢默,古英语,★★
Poe,中性,[p&#601;u],波,英语,★★
Polk,中性,[p&#596;lk],波尔克,英语,★★
Pollard,男性,['p&#596;l&#601;d],波拉德,中世纪英语，日耳曼语,★★★
Pollock,男性,['p&#596;l&#601;k],波洛克,古英语,★★
Polly,女性,['p&#596;li],波利，波莉,希伯来语,★
Pool,中性,[pu:l],普尔,古英语,★★
Poole,中性,[pu:l],普尔,英语,★★★
Pope,男性,[pu:p],波普,中世纪英语,★★★
Porsche,女性,[p&#596;t&#643;],波尔舍,拉丁语,无
Porter,男性,['p&#596;:t&#601;],波特,拉丁语,★★★★
Potter,男性,['p&#596;t&#601;],波特,英语,★★★
Potts,中性,[p&#596;ts],波茨,英语,★★★
Powell,男性,['p&#601;u&#601;l],鲍威尔,古英语，凯尔特语,★★★★
Powers,中性,['pau&#601;z],鲍尔斯,,★★★
Prater,中性,['preit&#601;],普拉特,拉丁语,★★
Pratt,中性,[pr&#230;t],普拉特,古英语,★★★
Prescott,男性,['presk&#601;t],普雷斯科特,古英语,★★
Queenie,女性,['kwi:ni],奎妮,古英语,无
Quentin,男性,['kwentin],昆汀,拉丁语,无
Quick,中性,[kwik],奎克,中世纪英语、古英语,★★
Quincy,男性,['kwinsi],昆西,英语,无
Quinn,中性,[kwin],奎因,爱尔兰语,★★★
Quintin,男性,['kwintin],昆廷,拉丁语,无
Quinton,男性,['kwint&#596;n],昆顿,古英语,★
Rachel,女性,['reit&#643;&#601;l],雷切尔,希伯来语,★
Rae,女性,[rei],雷,希伯来语,★
Raines,男性,[reinz],雷恩斯,英语,★★
Rainey,中性,['reini:],雷尼,日耳曼语,★★
Raleigh,男性,['r&#596;:li],罗利,古英语,★
Ralph,男性,[reif],拉尔夫,日耳曼语,★★
Ramona,女性,[r&#601;'m&#601;un&#601;],拉蒙娜,西班牙语,无
Ramsey,男性,['r&#230;mzi:],拉姆齐,古英语,★★★
Randal,男性,['r&#230;ndl],兰德尔,英语,无
Randall,男性,['r&#230;ndl],兰德尔,古德语,★★★
Randell,男性,['r&#230;ndl],兰德尔,英语,★
Randle,中性,['r&#230;ndl],兰德尔,,★★
Randolph,男性,['r&#230;nd&#596;lf],伦道夫,日耳曼语,★★★
Randy,男性,['r&#230;ndi],兰迪,古德语,无
Rankin,男性,['r&#230;&#331;kin],兰金,古英语,★★
Ransom,男性,['r&#230;ns&#601;m],兰塞姆,古英语,★★
Raphael,男性,['reifl],拉斐尔,希伯来语,★
Ratliff,中性,['r&#230;tlif],拉特利夫,英语,★★
Raven,女性,['r&#230;v&#601;n],雷文,英语,★
Ray,中性,[rei],雷,英语,★★★★
Raye,男性,[rei],雷伊,英语,无
Raymond,男性,['reim&#596;nd],雷蒙德,古德语,★★★
Rea,女性,[rei],雷,希腊语,★★
Read,男性,[ri:d],里德,古英语,★★
Reagan,中性,['reig&#601;n],里根,凯尔特语,★★
Reaves,中性,[ri:vz],里夫斯,英语,★★
Reba,女性,['ri:b&#601;],芮芭,希伯来语,无
Rebecca,女性,[ri'bek&#601;],丽贝卡,希伯来语,无
Rebekah,女性,[ri'bek&#601;],丽贝卡,希伯来语,无
Redd,中性,[red],雷德,英语,★★
Redding,男性,[redi&#331;],雷丁,英语,★★
Redmond,男性,['redm&#601;nd],雷德蒙德,德语,★★
Reed,男性,[ri:d],里德,古英语,★★★★
Reeder,中性,['ri:d&#601;],里德,英语,★★
Reese,女性,[ri:s],里斯；瑞茜,威尔士语,★★★
Reeves,男性,[ri:vz],李维斯,英语,★★★
Regan,女性,['ri:g&#601;n],里根,盖尔语,★★
Reggie,男性,['regi],雷吉,英语,无
Regina,女性,[ri'd&#658;ain&#601;],丽贾娜,拉丁语,无
Reginald,男性,[red&#658;in&#601;ld],雷金纳德,日耳曼语,无
Reid,男性,[ri:d],里德,古英语,★★★
Reilly,男性,['raili],赖利,盖尔语,★★★
Rena,女性,['rin&#601;],丽娜,希腊语,无
Renata,女性,[r&#601;'na:t&#601;],雷纳塔,拉丁语,无
Rene,中性,['renei],雷内,法语，拉丁语,★
Renee,女性,[ri'nei],雷内；蕾妮,法语,无
Reuben,男性,['ru:b&#601;n],鲁本,希伯来语,无
Rex,男性,[reks],雷克斯,拉丁语,★
Rey,男性,[rei],雷伊,拉丁语,★
Reynolds,中性,['ren&#601;ldz],雷诺兹,盖尔语,★★★★
Rhea,女性,['ri:&#601;],雷亚；瑞亚,希腊语,★★
Rhoades,中性,[r&#601;uz],罗兹,德语,★★
Rhoda,女性,['r&#601;ud&#601;],罗达,希腊语,无
Rhodes,男性,[r&#601;udz],罗兹,古英语,★★★
Ricarda,女性,['rika:dz],理卡达,古德语,无
Rice,中性,[rais],赖斯,盎格鲁—撒克逊语,★★★★
Rich,男性,[rit&#643;],里奇,中世纪英语,★★★
Richard,男性,['rit&#643;&#601;d],理查德,古德语,★★★
Richards,中性,['rit&#643;&#601;dz],理查兹,英语,★★★★
Richardson,中性,['rit&#643;&#601;dsn],理查森,,★★★★
Richie,男性,['rit&#643;i],里奇,德语,★
Richmond,男性,['rit&#643;m&#601;nd],里奇满,古法语,★★★
Richter,中性,['rikt&#601;],里克特,,★★
Rick,男性,[rik],里克,德语，英语,★
Ricks,中性,[riks],里克斯,,★★
Riddle,中性,['ridl],里德尔,英语,★★★
Riggs,中性,[rigz],里格斯,英语,★★★
Riley,中性,['raili],赖利,古英语,★★★★
Ring,男性,[ri&#331;],林,古英语,★★
Rita,女性,['ri:t&#601;],丽塔,希腊语,无
Ritchie,男性,['rit&#643;i],里奇,英语,★★
Rivers,男性,['riv&#601;z],里弗斯,古法语,★★★
Roach,中性,[r&#601;ut&#643;],罗奇,中世纪英语,★★★
Rob,男性,[r&#596;b],罗布,英语,无
Robbie,男性,['r&#596;bi],罗比,英语,无
Robbin,男性,['r&#596;bin],罗宾,英语,无
Robbins,中性,['r&#596;binz],罗宾斯,英语,★★★
Roberson,中性,['r&#601;ub&#601;sn],罗伯森,,★★★
Robert,男性,['r&#596;b&#601;t],罗伯特,古德语，英语,★★
Roberta,女性,[r&#601;u'b&#601;:t&#601;],罗伯塔,古英语,无
Roberts,中性,['r&#596;b&#601;ts],罗伯茨,英语,★★★★
Robertson,中性,['r&#596;b&#601;tsn],罗伯逊,英语,★★★★
Robin,中性,['r&#596;bin],罗宾,英语，德语,★
Robinson,中性,['r&#596;binsn],鲁滨逊,英语,★★★★★
Robison,中性,['r&#596;bisn],罗比森,英语,★★
Robyn,中性,['r&#596;bin],罗宾,德语,无
Rock,男性,[r&#596;k],罗克,中世纪英语,★★
Rod,男性,[r&#596;d],罗德,德语,无
Roderick,男性,['r&#596;d&#601;rik],罗德里克,日耳曼语,★
Rodger,男性,['r&#596;d&#658;&#601;],罗杰,英语,★
Rodgers,男性,['r&#596;d&#658;&#601;z],罗杰斯,英语,★★★
Rodney,男性,['r&#596;dni],罗德尼,古英语,★
Roe,男性,[r&#601;u],罗,盎格鲁-撒克逊语,★★
Roger,男性,['r&#596;d&#658;&#601;],罗杰,古德语,★
Rogers,中性,['r&#596;d&#658;&#601;z],罗杰斯,英语,★★★★
Roland,男性,['r&#601;ul&#601;nd],罗兰,德语,★★
Rolf,男性,[r&#596;f],罗尔夫,日耳曼语,★
Rolland,男性,[r&#596;:'l&#230;&#331;],罗兰,英语,★
Rollins,男性,['r&#596;linz],罗林斯,条顿语,★★★
Roma,女性,['r&#596;ma],罗玛,拉丁语,无
Romaine,女性,[.r&#601;u'mein],罗曼,拉丁语,无
Roman,男性,['r&#601;um&#601;n],罗曼,拉丁语,★★★
Romeo,男性,['r&#601;umi&#601;u],罗密欧,拉丁语,★
Ron,男性,[r&#596;n],罗恩,英语,无
Ronald,男性,['r&#596;l&#601;ld],罗纳德,古诺斯语,无
Sabina,女性,[s&#601;'bain&#601;],萨比娜,拉丁语,无
Sabine,女性,['seibain],萨拜因,拉丁语,无
Sadie,女性,['seidi],萨迪,希伯来语,无
Sadler,中性,['s&#230;dl&#601;],萨德勒,古英语,★★
Sage,女性,[seid&#658;],塞奇,拉丁语,★★
Sal,女性,[s&#230;l],萨尔,意大利语,无
Salazar,中性,[.s&#230;l&#601;'za:],萨拉查,,★★★
Sallie,女性,['s&#230;li],萨莉,希伯来语,无
Sally,女性,['s&#230;li],萨莉,希伯来语,无
Salome,女性,[s&#601;'l&#601;umi],萨洛米,希伯来语,无
Salter,中性,['s&#596;:lt&#601;],索尔特,古英语,★★
Sam,男性,[s&#230;m],萨姆,希伯来语,★
Sammie,男性,['s&#230;mi&#601;],萨米,英语,无
Sammy,男性,['s&#230;mi],萨米,希伯来语,无
Sample,中性,['s&#230;mpl],桑普尔,英语,★★
Sampson,男性,['s&#230;mps&#601;n],桑普森,希伯来语,★★★
Sams,中性,[s&#230;mz],萨姆斯,英语,★★
Samuel,男性,['s&#230;mju&#601;l],塞缪尔,希伯来语,★★
Samuels,中性,['s&#230;mju&#601;lz],塞缪尔斯,英语,★★
Sanchez,中性,['sa:nt&#643;&#601;s],桑切斯,西班牙语,★★★★
Sanders,中性,['s&#230;nd&#601;s],桑德斯,中世纪英语,★★★★
Sanderson,男性,['s&#230;nd&#601;sn],桑德森,英语,★★
Sandra,女性,['s&#230;ndr&#601;],桑德拉,希腊语,无
Sands,中性,[s&#230;ndz],桑兹,英语,★★
Sandy,中性,['s&#230;ndi],桑迪,希腊语,★
Sanford,男性,['s&#230;nf&#601;d],桑福德,古英语,★★★
Sara,女性,['sa:r&#601;],萨拉,希伯来语,无
Sarah,女性,['seir&#601;],萨拉,希伯来语,无
Sargent,中性,['sa:d&#658;&#601;nt],萨金特,古法语,★★
Saul,男性,[s&#596;:l],索尔,希伯来语,★
Saunders,中性,['s&#596;:nd&#601;s],桑德斯,希腊语,★★★
Savage,中性,['s&#230;vid&#658;],萨维奇,中世纪英语、古法语,★★★
Sawyer,男性,['s&#596;:j&#601;],索耶,中世纪英语,★★★
Scales,男性,[skeilz],斯凯尔斯,英语,★★
Scarlet,女性,['ska:lit],斯卡利特,英语,无
Scarlett,女性,['ska:l&#601;t],斯卡利特,英语,★
Schmidt,中性,[&#643;mit],施密特,,★★★★
Schultz,中性,[&#643;ults],舒尔茨,德语,★★★
Schumacher,中性,['&#643;u:ma:k&#604;:],舒马赫,,★★
Scott,男性,[sk&#596;t],斯科特,英语,★★★★
Seals,中性,[si:lz],西尔斯,英语,★★
Sean,男性,[&#643;&#596;:n],肖恩,爱尔兰语,无
Sears,中性,[si&#601;z],西尔斯,英语,★★★
Sebastian,男性,[si:'b&#230;stj&#601;n],塞巴斯蒂安,希腊语,★
See,中性,[si:],西伊,中世纪英语,★
Selena,女性,[si'lin&#601;],赛琳娜,希腊语,无
Selene,女性,[si'li:ni],塞勒涅,希腊语,无
Self,中性,[self],塞尔夫,古英语,★★
Selina,女性,[s&#601;'li:n&#601;],塞琳娜,希腊语,无
Sellers,男性,['sel&#601;z],塞勒斯,古英语,★★★
Selma,女性,['selm&#601;],塞尔玛,日耳曼语,无
Serena,女性,[s&#601;'ri:n&#601;],塞丽娜,拉丁语,无
Seth,男性,[se&#952;],塞思,希伯来语,★
Sewell,男性,['su:&#601;l],休厄尔,古英语,★★
Sexton,男性,['sekst&#601;n],塞克斯顿,卫兵,★★★
Seymour,男性,['si:m&#596;:],西摩尔,拉丁语，英语,★★
Shane,男性,[&#643;ein],沙恩,爱尔兰语，盖尔语,★
Shannon,男性,['&#643;&#230;n&#601;n],香农,爱尔兰语,★★★
Sharon,中性,['&#643;&#230;r&#601;n],莎伦；沙龙,希伯来语,★
Sharp,中性,[&#643;a:p],夏普,中世纪英语,★★★
Sharpe,中性,['&#643;a:p],夏普,英语,★★
Shaw,男性,[&#643;&#596;:],肖,古英语,★★★★
Shawn,男性,[&#643;&#596;:n],肖恩,希伯来语,无
Shay,中性,[&#643;ei],谢伊,盖尔语,★
Shea,中性,[&#643;i:],谢伊,盖尔语,★★
Shearer,中性,['&#643;i&#601;r&#601;],希勒,中世纪英语,★★
Sheehan,男性,['&#643;i:&#601;n],希恩,盖尔语,★★
Sheffield,男性,['&#643;efi:ld],谢菲尔德,古英语,★★
Sheila,女性,['&#643;i:l&#601;],希拉,拉丁语,无
Shelby,中性,['&#643;elbi],谢尔比,拉丁语,★★
Sheldon,男性,['&#643;eld&#601;n],谢尔登,古英语,★★
Shelley,中性,['&#643;eli],雪莱,古英语,★★
Shelly,中性,['&#643;eli],谢利,英语,★
Shelton,男性,['&#643;elt&#601;n],谢尔顿,古英语,★★★
Shepard,男性,['&#643;ep&#601;d],谢泼德,盎格鲁-撒克逊语,★★★
Shepherd,男性,['&#643;ep&#601;d],谢泼德,古英语,★★★
Sheppard,男性,['&#643;ep&#601;d],谢泼德,古英语,★★★
Shera,女性,['&#643;er&#601;],谢拉,阿拉米语,无
Sheridan,男性,['&#643;eridn],谢里登,盖尔语,★★
Sherman,男性,['&#643;&#601;:m&#601;n],舍曼,古英语,★★★
Sherwood,男性,['&#643;&#601;:wud],舍伍德,古英语,★★
Shields,中性,['&#643;i:ldz],希尔兹,英语,★★★
Shipley,男性,['&#643;ipli],希普利,英语,★★
Shipman,中性,['&#643;ipm&#601;n],希普曼,古英语,★★
Shipp,中性,[&#643;ip],希普,英语,★★
Shirley,女性,['&#643;&#601;:li],雪利；雪莉；秀兰,古英语,★★
Shockley,中性,['&#643;&#596;kli],肖克莱,,★★
Shoemaker,中性,['&#643;u:meik&#601;],休梅克,,★★
Shona,女性,['&#643;&#601;una:],肖娜,希伯来语,无
Short,中性,[&#643;&#596;:t],肖特,中世纪英语、古英语,★★★
Sibyl,女性,['sibil],西比尔,希腊语,无
Sid,男性,[sid],席德,法语,无
Sidney,中性,['sidni],西德尼；西德妮,古英语,★
Sigrid,女性,['sigrid],西格丽德,斯堪的纳维亚语,无
Silas,男性,['sail&#601;s],赛拉斯,拉丁语,★
Silver,女性,['silv&#601;],西尔弗,英语,★★
Silvia,女性,['silvi&#601;],西尔维亚,拉丁语,★
Simmons,中性,['saim&#601;nz],西蒙斯,古英语,★★★★
Simms,男性,[simiz],西姆斯,希伯来语,★★
Simon,男性,['saim&#601;n],西蒙,希伯来语,★★★
Simons,中性,['saim&#601;nz],西蒙斯,英语,★★
Simpson,中性,['simpsn],辛普森,希伯来语,★★★★
Sims,中性,[simz],西姆斯,,★★★★
Sinclair,男性,['si&#331;kl&#603;&#601;],辛克莱,拉丁语,★★
Singer,中性,['si&#331;&#601;],辛格,,★★
Tabitha,女性,['t&#230;bi&#952;&#601;],塔比瑟,阿拉姆语,无
Tabor,中性,['teib&#601;],泰伯,希伯来语,★★
Talbot,男性,['t&#596;:lb&#601;t],塔尔博特,英语,★★
Tam,男性,[t&#230;m],塔姆,越南语,★
Tammie,男性,['t&#230;mi],塔米,英语,无
Tandy,男性,['t&#230;ndi],坦迪,拉丁语,★
Tania,女性,['t&#230;ni&#601;],塔尼娅,俄语,无
Tanner,男性,['t&#230;n&#601;],坦纳,古英语,★★★
Tanya,女性,,塔尼娅,希腊语，俄语,无
Tate,男性,[teit],泰特,古英语,★★★
Tatum,女性,['teit&#601;m],泰特姆,古英语,★★
Taylor,中性,['teil&#601;],泰勒,英语,★★★★★
Teague,男性,[ti:g],蒂格,爱尔兰语,★★
Ted,男性,[ted],特德,希腊语，英语,无
Teddy,男性,['tedi],特迪,希腊语，英语,无
Temple,男性,['templ],坦普尔；邓波儿,拉丁语,★★
Terence,男性,['ter&#601;ns],特伦斯,拉丁语,无
Teresa,女性,[t&#601;'ri:z&#601;],特丽萨,希腊语,无
Terrance,男性,['terens],特伦斯,英语,无
Terrell,男性,['ter&#601;l],特雷尔,英语,★★★
Terrence,男性,['ter&#601;ns],特伦斯,拉丁语,无
Terry,中性,['teri],特丽；特里,曰耳曼语；拉丁语,★★★
Tess,女性,[tes],特丝,希腊语,无
Tessa,女性,['tes&#601;],特萨,英语,无
Tessie,女性,['tesi],特西,英语,无
Thacker,中性,['&#952;&#230;k&#601;],撒克,中世纪英语,★★
Thad,男性,[&#952;&#230;d],撒德,希腊语,无
Thaddeus,男性,[&#952;&#230;'di(:)&#601;s],撒迪厄斯,希腊语,无
Thalia,女性,[&#952;&#601;'lai&#601;],塔利亚,希腊语,无
Tharp,中性,[&#952;a:p],撒普,英语,★★
Thea,女性,[&#952;i&#601;],西娅,希腊语,无
Thelma,女性,['&#952;elm&#601;],塞尔玛,希腊语,无
Theo,男性,[&#952;i:&#601;u],西奥,希腊语,无
Theodora,女性,[&#952;i&#601;'d&#596;:r&#601;],西奥多拉,希腊语,无
Theodore,男性,['&#952;i&#601;d&#596;:],西奥多,希腊语,★
Theresa,女性,[ti'ri:z&#601;],特丽萨,希腊语,无
Theresia,女性,[ti'ri:zj&#601;],特里西亚,希腊语,无
Thomas,男性,['t&#596;m&#601;s],托马斯,阿拉姆语,★★★★★
Thomasina,女性,[.t&#596;m&#601;'si:n&#601;],托玛西娜,阿拉姆语，希伯来语,无
Thomason,中性,['t&#596;m&#601;sn],托马森,英语,★★
Thompson,中性,['t&#596;mpsn],汤普森,英语,★★★★★
Thomson,中性,['t&#596;msn],汤姆森,英语,★★
Thorne,男性,[&#952;&#596;:n],索恩,古英语,★★
Thornton,中性,['&#952;&#596;:nt&#601;n],桑顿,古英语,★★★
Thorpe,男性,[&#952;&#596;:p],索普,古英语,★★
Thurman,男性,['&#952;&#601;:m&#601;n],瑟曼,中世纪英语,★★
Thurston,男性,['&#952;&#601;:st&#601;n],瑟斯顿,古英语,★★
Tiffany,女性,['tif&#601;ni],蒂法尼,希腊语,★
Tilda,女性,['tild&#601;],蒂尔达,法语,无
Tilley,中性,['tili],蒂利,古英语,★★
Tillie,女性,['tili],蒂利/蒂莉,德语,无
Tillman,中性,['tilm&#601;n],蒂尔曼,古英语,★★★
Tim,男性,[tim],蒂姆,希腊语,无
Timmons,中性,['tim&#601;nz],蒂蒙斯,盖尔语,★★
Timothy,男性,['tim&#601;&#952;i],蒂莫西,希腊语,★
Tina,女性,['ti:n&#601;],蒂娜,拉丁语,无
Tinsley,中性,['tinsli],廷斯利,古英语,★★
Tipton,中性,['tipt&#601;n],蒂普顿,古英语,★★
Titus,男性,['tait&#601;s],泰特斯,拉丁语，希腊语,★★
Tobias,男性,[t&#601;'bai&#601;s],托拜厄斯,希伯来语,★★
Tobin,男性,['t&#601;ubin],托宾,盖尔语,★★
Toby,男性,['t&#601;ubi],托比,希伯来语或英语,无
Tod,男性,[t&#596;d],托德,英语,无
Todd,男性,[t&#596;d],托德,中世纪英语,★★★
Tolbert,中性,['t&#596;lb&#601;t],托尔伯特,日耳曼语,★★
Tom,男性,[t&#596;m],汤姆,希腊语,★
Tomas,中性,['t&#596;m&#601;s],托马斯,英语,★
Tomlinson,中性,['t&#596;mlinsn],汤姆林森,,★★
Tommie,中性,['t&#596;mi],汤米,英语,无
Tommy,中性,['t&#596;mi],汤米,希腊语,无
Tompkins,中性,['t&#596;mpkinz],汤普金斯,古英语,★★
Toney,中性,['t&#601;uni],托尼,英语,★★
Toni,女性,['t&#601;uni],托妮,拉丁语,无
Tony,男性,['t&#601;uni],托尼,拉丁语,无
Torrie,女性,['t&#596;ri],托里,英语,无
Townsend,男性,['taunz&#601;nd],汤森德,古英语,★★★
Tracey,中性,['tresi],特雷西,希腊语,★
Tracy,中性,['treisi],特雷西,爱尔兰盖尔语，希腊语,★★
Travis,男性,['tr&#230;vis],特拉维斯,古法语，英语,★★★
Trent,男性,[trent],特伦特,拉丁语,★★
Trevino,中性,[tr&#601;'vi:n&#601;u],特雷维诺,,★★★
Trevor,男性,['trev&#601;],特雷弗,凯尔特语,无
Trimble,中性,['trimb&#601;l],特林布尔,爱尔兰语,★★
Tripp,男性,[trip],特里普,古英语,★★
Tristan,男性,[tri'st&#601;n],特里斯坦,威尔士语,无
Trotter,中性,['tr&#596;t&#601;],特罗特,中世纪英语,★★
Troy,男性,[tr&#596;i],特罗伊,盖尔语,★
Trudy,女性,['tru:di],特鲁迪,德语,无
Truman,男性,['tru:m&#601;n],特鲁曼；杜鲁门,古英语,★
Tucker,中性,['t&#652;k&#601;],塔克,古英语,★★★★
Turner,中性,['t&#601;:n&#601;],特纳,中世纪英语,★★★★
Tuttle,中性,['t&#652;tl],塔特尔,英语,★★
Tyler,男性,['tail&#601;],泰勒,古英语,★★★
Tyson,男性,['tais&#601;n],泰森,古法语,★★
Ulysses,男性,['ju:lisi:z],尤利塞斯,拉丁语,无
Una,女性,['ju:n&#601;],尤娜,拉丁语,无
Underwood,中性,['&#652;nd&#601;wud],昂德伍德,中世纪英语,★★★
Ursula,女性,['&#601;:sjul&#601;],乌苏拉,拉丁语,无
Val,中性,[v&#230;l],瓦尔,拉丁语,无
Valentin,中性,['v&#230;l&#601;ntin],瓦伦丁,拉丁语,★★
Valentine,中性,['v&#230;l&#601;ntain],瓦伦丁,拉丁语,★★★
Valeria,女性,[v&#601;'li&#601;ri&#601;],瓦莱里亚,拉丁语,无
Valerie,女性,['v&#230;l&#601;ri],瓦莱丽,拉丁语,无
Valery,女性,[.v&#230;l&#601;'ri:],瓦莱丽/瓦莱里,拉丁语,无
Van,男性,[v&#230;n],范；梵,荷兰语,★
Vance,男性,[v&#230;ns],万斯,古英语,★★★
Vanessa,女性,[v&#601;'nes&#601;],凡妮莎,希腊语,无
Vann,中性,[v&#230;n],范恩,英语,★★
Vargas,中性,['wa:g&#601;s],瓦加斯,,★★★
Vaughan,中性,[v&#596;:n],沃恩,盖尔语,★★★
Vaughn,中性,[van],沃恩,威尔士语,★★★
Vega,中性,['vi:g&#601;],维加,阿拉伯语,★★★
Venus,女性,['vi:n&#601;s],维纳斯,希腊语,无
Vera,女性,['vi&#601;r&#601;],薇拉,拉丁语,★★
Verena,女性,[v&#601;'ri:n&#601;],维丽娜,德语,无
Vernon,男性,['v&#601;:n&#601;n],弗农,高卢语,★★
Veronica,女性,[v&#601;'r&#596;nik&#601;],维罗妮卡,拉丁语,无
Vesta,女性,['vest&#601;],维斯塔,拉丁语,无
Vicente,男性,[vi'senti],维森特,西班牙语,★
Vickers,中性,['vik&#601;z],维克斯,中世纪英语,★★
Vicki,女性,['viki],维基,拉丁语,无
Vickie,女性,['viki],维基,拉丁语,无
Vicky,女性,['viki],维基,拉丁语,无
Victor,男性,['vikt&#601;],维克托,拉丁语,★
Victoria,女性,[vik't&#596;:ri&#601;],维多利亚,拉丁语,★
Vida,女性,['vi:d&#601;],维达,西班牙语,无
Villa,中性,['vil&#601;],比利亚,,★★
Vince,男性,[vins],文斯,拉丁语,无
Vincent,男性,['vins&#601;nt],文森特,拉丁语,★★★
Vinson,男性,['vinsn],文森,古英语,★★
Viola,女性,['vai&#601;l&#601;],维奥拉,拉丁语,★
Violet,女性,['vai&#601;lit],瓦奥莱特,拉丁语,无
Virgil,男性,['v&#601;:d&#658;il],弗吉尔,拉丁语,★
Virginia,女性,[v&#601;(:)'d&#658;inj&#601;],弗吉尼亚,拉丁语,无
Vivian,中性,['vivi&#601;n],维维安,拉丁语,★
Vivien,女性,['vivi&#601;n],维维恩,亚瑟王传说,无
Voss,中性,[v&#596;s],沃斯,英语,★★
Waddell,中性,[w&#596;'del],沃德尔,古英语,★★
Wade,男性,[weid],韦德,英语,★★★
Waite,男性,[weit],韦特,中世纪英语,★★
Walden,男性,['w&#596;:ld&#601;n],沃尔登,古英语,★★
Waldo,男性,['w&#596;:ld&#601;u],沃尔多,古德语,★
Waldron,男性,['w&#596;:ldr&#601;n],沃尔德伦,日耳曼语,★★
Walker,男性,['w&#596;:k&#601;],沃克,古英语,★★★★★
Wall,男性,[w&#596;:l],沃尔,古英语,★★★
Wallace,男性,['w&#596;lis],华莱士,法语,★★★★
Waller,男性,['w&#596;l&#601;],沃勒,古英语,★★★
Walls,中性,[w&#596;:lz],沃尔斯,英语,★★★
Wally,中性,['weili],沃利,德语,无
Walsh,中性,[w&#596;:l&#643;],沃尔什,古英语,★★★
Walter,男性,['w&#596;:lt&#601;],沃尔特,日耳曼语,★★★
Walters,中性,[.w&#596;:lt&#601;z],沃尔特斯,,★★★
Walton,男性,['w&#596;:lt&#601;n],沃尔顿；瓦尔顿,古英语,★★★
Wanda,女性,['w&#596;nd&#601;],旺达,德语，斯拉夫语,无
Ward,男性,[w&#596;:d],沃德,古英语,★★★★
Ware,男性,[w&#603;&#601;],韦尔,古英语,★★★
Warner,男性,['w&#596;:n&#601;],沃纳,日耳曼语,★★★
Warren,男性,['w&#596;r&#601;n],沃伦,日耳曼语,★★★★
Washburn,男性,['w&#596;&#643;b&#604;:n],沃什伯恩,古英语,★★
Washington,男性,['w&#596;&#643;i&#331;t&#601;n],华盛顿,古英语,★★★★
Waters,中性,['w&#596;:t&#601;z],沃特斯,英语,★★★
Watkins,男性,['w&#596;tkinz],沃特金斯,古英语,★★★★
Watson,中性,['w&#596;tsn],沃森,古英语,★★★★
Watt,男性,[w&#596;t],瓦特,中世纪英语,★★
Watts,男性,[w&#596;ts],沃茨,英语,★★★
Wayne,男性,[wein],韦恩,古英语,★
Weathers,中性,['we&#240;&#601;z],韦瑟斯,,★★
Weaver,中性,['wi:v&#601;],韦弗,古英语,★★★★
Webb,男性,[web],韦布,古英语,★★★★
Webber,男性,['web&#601;],韦伯,德语,★★
Weber,男性,['veib&#601;],韦伯,德语,★★★
Webster,男性,['webst&#601;],韦伯斯特,古英语,★★★
Weeks,中性,[wi:ks],威克斯,英语,★★★
Weir,中性,[wi&#601;],韦尔,盖尔语,★★
Welch,中性,[wel&#643;],韦尔奇,英语,★★★
Weldon,男性,['weld&#601;n],韦尔登,英语,★★
Weller,中性,['wel&#601;],韦勒,英语,★★
Wells,中性,[wels],韦尔斯,古英语,★★★★
Welsh,中性,[wel&#643;],韦尔什,英语,★★
Wendell,男性,['wendl],温德尔,自日耳曼语,★
Wendy,女性,['wendi],温迪,英语,无
Werner,中性,['w&#601;:n&#601;],维尔纳,古德语,★★
Wesley,男性,['wezli],韦斯利,古英语,★★
West,男性,[west],韦斯特,英语,★★★★
Westbrook,男性,['westbruk],维斯布鲁克,古英语,★★
Weston,男性,['west&#601;n],韦斯顿,古英语,★★
Whalen,中性,['hweil&#601;n],惠伦,爱尔兰语,★★
Whaley,中性,['hweili],惠利,英语,★★
Whatley,中性,['hw&#596;tli],沃特利,英语,★★
Wheeler,男性,['wi:l&#601;],惠勒,中世纪英语,★★★★
Whitaker,中性,['hwit&#601;k&#601;(r)],惠特克,英语,★★★
White,中性,[wait],怀特,中世纪英语,★★★★★
Whitehead,男性,['(h)wait.hed],怀特海德,古英语,★★★
Whitfield,男性,['hwitfi:ld],惠特菲尔德,古英语,★★
Whitley,中性,['hwitli],惠特利,古英语,★★
Whitlock,男性,['hwitl&#596;k],惠特洛克,古英语,★★
Whitman,中性,['hwitm&#601;n],惠特曼,中世纪英语,★★
Whitmore,男性,['hwitm&#596;:],惠特莫尔,古英语,★★
Whitney,中性,['hwitni],惠特尼,古英语,★★★
Whitt,中性,[hwit],惠特,,★★
Whittaker,男性,['hwit&#601;k&#601;],惠特克,古英语,★★
Whittington,中性,['hwiti&#331;t&#601;n],惠廷顿,古英语,★★
Wiggins,中性,['wiginz],威金斯,英语,★★★
Wilbert,男性,['wilb&#601;t],威尔伯特,古德语,★
Wilbur,男性,['wilb&#601;],威尔伯,日耳曼语,★★
Wilcox,中性,['wilk&#596;ks],威尔科克斯,英语,★★★
Wilder,男性,['waild&#601;],怀尔德,德语,★★★
Wilfred,男性,['wilfrid],威尔弗雷德,德语,无
Wilhelmina,女性,[.wil&#601;'mi:n&#601;],威廉敏娜,古德语,无
Wilkerson,中性,['wilk&#601;sn],威尔克森,英语,★★★
Wilkes,中性,[wilks],威尔克斯,古英语,★★
Wilkins,中性,['wilkinz],威尔金斯,英语,★★★
Wilkinson,男性,['wilkinsn],威尔金森,古英语,★★★
Will,男性,[wil],威尔,中世纪英语,★
Willard,男性,['wil&#593;:d],威拉德,古英语,★★
Willett,中性,['wilit],威利特,英语,★★
William,男性,['wilj&#601;m],威廉,古德语,★★★
Williams,中性,['wij&#601;mz],威廉斯,英语,★★★★★
Williamson,男性,['wilj&#601;ms&#601;n],威廉姆森,古德语,★★★★
Willie,中性,['wili],威利,英语,★
Willis,男性,['wilis],威利斯,德语,★★★★
Willoughby,男性,['wil&#601;bi],威洛比,古英语,★★
Wills,中性,[wilz],威尔斯,英语,★★
Wilma,女性,['wilm&#601;],威尔玛,古德语,无
Wilson,男性,['wilsn],威尔森,德语,★★★★★
Wilton,男性,['wilt&#601;n],威尔顿,古英语,★
Winfred,男性,['winfrid],温弗雷德,古英语，德语,无
Winifred,女性,['winifrid],威尼弗雷德,威尔士语,无
Winn,中性,[win],温,古英语,★★
Winnie,女性,['wini:],温妮,凯尔特语,无
Winslow,男性,['winzl&#601;u],温斯洛,古英语,★★
Winston,男性,['winst&#601;n],温斯顿,古英语,★★
Winter,中性,['wint&#601;],温特,古英语，美国英语,★★
Winters,中性,['wint&#601;z],温特斯,英语,★★★
Wise,中性,[waiz],怀斯,中世纪英语,★★★
Wiseman,中性,['waizm&#601;n],怀斯曼,,★★
Witherspoon,中性,['wi&#240;&#601;.spu:n],威瑟斯庞,中世纪英语,★★
Witt,男性,[wit],威特,英语,★★★
Wolf,男性,[wulf],沃尔夫,英语,★★★
Wolfe,男性,[wulf],沃尔夫,古英语,★★★
Wood,男性,[wud],伍德,美国英语,★★★★
Woodall,中性,['wud&#601;l],伍德尔,,★★
Xavier,男性,['zeivj&#601;(r)],泽维尔,阿拉伯语,★
Xenia,女性,['zi:ni&#601;],泽尼娅,希腊语,无
Yarbrough,中性,['ja:br&#601;],亚伯勒,古英语,★★
Yates,男性,[jeits],耶茨,中世纪英语,★★★
Yeager,中性,['jeig&#601;],耶格尔,,★★
Yolande,女性,[j&#601;&#650;'l&#230;nd&#601;],尤兰德,法语,无
Yong,中性,[j&#652;&#331;],扬,韩语,★
York,男性,[j&#596;:k],约克,古英语,★★★
Young,男性,[j&#652;n],杨,中世纪英语,★★★★★
Yvette,女性,[i'vet],伊薇特,斯堪的纳维亚语，法语,无
Yvonne,女性,[i'v&#596;n],伊冯娜,法语,无
Zachariah,男性,[.z&#230;k&#601;'rai&#601;],扎卡赖亚,希伯来语,无
Zachary,男性,['z&#230;k&#601;ri],扎卡里,希伯来语,★
Zack,男性,[z&#230;k],扎克,英语,★
Zandra,女性,['z&#230;ndr&#601;],赞德拉,希腊语,无
Zapata,中性,[z&#601;'pa:t&#601;],萨帕塔,,★★
Zena,女性,['zi:n&#601;],齐娜,波斯语,无
Zenia,女性,['zi:ni&#601;],齐尼娅,希腊语,无
Zenobia,女性,[zi'n&#601;ubj&#601;],泽诺比垭,希腊语，拉丁语,无
Ziegler,中性,['zi:gl&#601;],齐格勒,,★★
Zoe,女性,['z&#601;ui],佐伊,希腊语,无
Zola,女性,['z&#601;ul&#601;],左拉,意大利语,无