id,phrase,source,source_snippet,meaning,keywords,style,gender,wuxing,quality,combos,created_at
1,安颐,候选词,,安适养身,['平安健康（10个候选词）'],"['古风典雅', '稳重成熟', '平安健康（10个候选词）']",B,,4,[],2026-04-27 14:38:25.518123
2,康宁,候选词,,健康安宁,['平安健康（10个候选词）'],"['稳重成熟', '古风典雅', '平安健康（10个候选词）']",B,,4,[],2026-04-27 14:38:25.534221
3,静和,候选词,,安静平和,['平安健康（10个候选词）'],"['温柔婉约', '清新自然', '平安健康（10个候选词）']",B,,4,[],2026-04-27 14:38:25.535206
4,佑安,候选词,,护佑平安,['平安健康（10个候选词）'],"['大气豪迈', '古风典雅', '平安健康（10个候选词）']",B,,4,[],2026-04-27 14:38:25.536114
5,泰然,候选词,,安泰自然,['平安健康（10个候选词）'],"['大气豪迈', '稳重成熟', '平安健康（10个候选词）']",B,,4,[],2026-04-27 14:38:25.536976
6,顺安,候选词,,顺遂平安,['平安健康（10个候选词）'],"['现代简约', '稳重成熟', '平安健康（10个候选词）']",B,,4,[],2026-04-27 14:38:25.537842
7,宜宁,候选词,,适宜安宁,['平安健康（10个候选词）'],"['温柔婉约', '诗意浪漫', '平安健康（10个候选词）']",B,,4,[],2026-04-27 14:38:25.538653
8,平澜,候选词,,平静无波,['平安健康（10个候选词）'],"['清新自然', '独特个性', '平安健康（10个候选词）']",B,,4,[],2026-04-27 14:38:25.539383
9,绥和,候选词,,安定平和,['平安健康（10个候选词）'],"['古风典雅', '稳重成熟', '平安健康（10个候选词）']",B,,4,[],2026-04-27 14:38:25.540155
10,无恙,候选词,,无病无灾,['平安健康（10个候选词）'],"['独特个性', '古风典雅', '平安健康（10个候选词）']",B,,4,[],2026-04-27 14:38:25.540936
11,睿渊,候选词,,智慧深远,['聪明智慧（10个候选词）'],"['大气豪迈', '古风典雅', '聪明智慧（10个候选词）']",B,,4,[],2026-04-27 14:38:25.541742
12,明哲,候选词,,明智通达,['聪明智慧（10个候选词）'],"['稳重成熟', '古风典雅', '聪明智慧（10个候选词）']",B,,4,[],2026-04-27 14:38:25.542631
13,慧觉,候选词,,智慧觉悟,['聪明智慧（10个候选词）'],"['独特个性', '诗意浪漫', '聪明智慧（10个候选词）']",B,,4,[],2026-04-27 14:38:25.543547
14,颖悟,候选词,,聪颖过人,['聪明智慧（10个候选词）'],"['现代简约', '独特个性', '聪明智慧（10个候选词）']",B,,4,[],2026-04-27 14:38:25.544393
15,灵均,候选词,,灵性平均,['聪明智慧（10个候选词）'],"['诗意浪漫', '清新自然', '聪明智慧（10个候选词）']",B,,4,[],2026-04-27 14:38:25.545275
16,智周,候选词,,智慧周全,['聪明智慧（10个候选词）'],"['大气豪迈', '稳重成熟', '聪明智慧（10个候选词）']",B,,4,[],2026-04-27 14:38:25.546155
17,昭慧,候选词,,明慧通达,['聪明智慧（10个候选词）'],"['温柔婉约', '古风典雅', '聪明智慧（10个候选词）']",B,,4,[],2026-04-27 14:38:25.546998
18,敏学,候选词,,勤敏好学,['聪明智慧（10个候选词）'],"['现代简约', '稳重成熟', '聪明智慧（10个候选词）']",B,,4,[],2026-04-27 14:38:25.547881
19,悟明,候选词,,觉悟明理,['聪明智慧（10个候选词）'],"['独特个性', '诗意浪漫', '聪明智慧（10个候选词）']",B,,4,[],2026-04-27 14:38:25.548713
20,析理,候选词,,明辨事理,['聪明智慧（10个候选词）'],"['稳重成熟', '古风典雅', '聪明智慧（10个候选词）']",B,,4,[],2026-04-27 14:38:25.549631
21,鹏举,候选词,,大鹏高飞,['事业有成（10个候选词）'],"['大气豪迈', '独特个性', '事业有成（10个候选词）']",B,,4,[],2026-04-27 14:38:25.550603
22,云程,候选词,,前程远大,['事业有成（10个候选词）'],"['大气豪迈', '诗意浪漫', '事业有成（10个候选词）']",B,,4,[],2026-04-27 14:38:25.551624
23,展图,候选词,,施展宏图,['事业有成（10个候选词）'],"['现代简约', '大气豪迈', '事业有成（10个候选词）']",B,,4,[],2026-04-27 14:38:25.552502
24,业峻,候选词,,事业崇高,['事业有成（10个候选词）'],"['稳重成熟', '古风典雅', '事业有成（10个候选词）']",B,,4,[],2026-04-27 14:38:25.55349
25,宏毅,候选词,,宏大坚毅,['事业有成（10个候选词）'],"['大气豪迈', '稳重成熟', '事业有成（10个候选词）']",B,,4,[],2026-04-27 14:38:25.554256
26,奋杰,候选词,,奋发杰出,['事业有成（10个候选词）'],"['现代简约', '独特个性', '事业有成（10个候选词）']",B,,4,[],2026-04-27 14:38:25.555029
27,腾骧,候选词,,奔腾向前,['事业有成（10个候选词）'],"['大气豪迈', '古风典雅', '事业有成（10个候选词）']",B,,4,[],2026-04-27 14:38:25.555857
28,勋远,候选词,,功勋远大,['事业有成（10个候选词）'],"['稳重成熟', '古风典雅', '事业有成（10个候选词）']",B,,4,[],2026-04-27 14:38:25.556927
29,达观,候选词,,通达可观,['事业有成（10个候选词）'],"['现代简约', '稳重成熟', '事业有成（10个候选词）']",B,,4,[],2026-04-27 14:38:25.557842
30,建功,候选词,,建立功业,['事业有成（10个候选词）'],"['现代简约', '大气豪迈', '事业有成（10个候选词）']",B,,4,[],2026-04-27 14:38:25.558823
31,金玉,候选词,,珍贵富足,['富贵财富（10个候选词）'],"['古风典雅', '稳重成熟', '富贵财富（10个候选词）']",B,,4,[],2026-04-27 14:38:25.559851
32,富润,候选词,,富足润泽,['富贵财富（10个候选词）'],"['温柔婉约', '诗意浪漫', '富贵财富（10个候选词）']",B,,4,[],2026-04-27 14:38:25.560778
33,昌裕,候选词,,昌盛富裕,['富贵财富（10个候选词）'],"['大气豪迈', '稳重成熟', '富贵财富（10个候选词）']",B,,4,[],2026-04-27 14:38:25.561767
34,殷实,候选词,,丰厚充实,['富贵财富（10个候选词）'],"['稳重成熟', '古风典雅', '富贵财富（10个候选词）']",B,,4,[],2026-04-27 14:38:25.562654
35,宝瑞,候选词,,祥瑞珍贵,['富贵财富（10个候选词）'],"['独特个性', '诗意浪漫', '富贵财富（10个候选词）']",B,,4,[],2026-04-27 14:38:25.563419
36,丰年,候选词,,丰收之年,['富贵财富（10个候选词）'],"['清新自然', '稳重成熟', '富贵财富（10个候选词）']",B,,4,[],2026-04-27 14:38:25.56445
37,裕如,候选词,,富足从容,['富贵财富（10个候选词）'],"['现代简约', '温柔婉约', '富贵财富（10个候选词）']",B,,4,[],2026-04-27 14:38:25.565374
38,万钟,候选词,,财富极多,['富贵财富（10个候选词）'],"['大气豪迈', '古风典雅', '富贵财富（10个候选词）']",B,,4,[],2026-04-27 14:38:25.566405
39,禄存,候选词,,福禄长存,['富贵财富（10个候选词）'],"['稳重成熟', '古风典雅', '富贵财富（10个候选词）']",B,,4,[],2026-04-27 14:38:25.56735
40,财厚,候选词,,财富丰厚,['富贵财富（10个候选词）'],"['现代简约', '大气豪迈', '富贵财富（10个候选词）']",B,,4,[],2026-04-27 14:38:25.568302
41,德馨,候选词,,品德芬芳,['品德高尚（10个候选词）'],"['古风典雅', '诗意浪漫', '品德高尚（10个候选词）']",B,,4,[],2026-04-27 14:38:25.569122
42,仁厚,候选词,,仁爱宽厚,['品德高尚（10个候选词）'],"['稳重成熟', '古风典雅', '品德高尚（10个候选词）']",B,,4,[],2026-04-27 14:38:25.570067
43,义诚,候选词,,正义诚信,['品德高尚（10个候选词）'],"['稳重成熟', '现代简约', '品德高尚（10个候选词）']",B,,4,[],2026-04-27 14:38:25.571009
44,礼和,候选词,,礼让温和,['品德高尚（10个候选词）'],"['温柔婉约', '古风典雅', '品德高尚（10个候选词）']",B,,4,[],2026-04-27 14:38:25.57205
45,智仁,候选词,,智慧仁爱,['品德高尚（10个候选词）'],"['稳重成熟', '古风典雅', '品德高尚（10个候选词）']",B,,4,[],2026-04-27 14:38:25.572992
46,信达,候选词,,诚信通达,['品德高尚（10个候选词）'],"['现代简约', '大气豪迈', '品德高尚（10个候选词）']",B,,4,[],2026-04-27 14:38:25.573867
47,忠恕,候选词,,忠诚宽恕,['品德高尚（10个候选词）'],"['古风典雅', '稳重成熟', '品德高尚（10个候选词）']",B,,4,[],2026-04-27 14:38:25.574603
48,廉洁,候选词,,清廉高洁,['品德高尚（10个候选词）'],"['稳重成熟', '独特个性', '品德高尚（10个候选词）']",B,,4,[],2026-04-27 14:38:25.575307
49,正直,候选词,,刚正不阿,['品德高尚（10个候选词）'],"['现代简约', '大气豪迈', '品德高尚（10个候选词）']",B,,4,[],2026-04-27 14:38:25.575992
50,谦光,候选词,,谦虚有光,['品德高尚（10个候选词）'],"['温柔婉约', '诗意浪漫', '品德高尚（10个候选词）']",B,,4,[],2026-04-27 14:38:25.576697
51,熙阳,候选词,,和煦阳光,['阳光开朗（10个候选词）'],"['清新自然', '可爱灵动', '阳光开朗（10个候选词）']",B,,4,[],2026-04-27 14:38:25.57775
52,明朗,候选词,,明亮开朗,['阳光开朗（10个候选词）'],"['现代简约', '阳光开朗', '阳光开朗（10个候选词）']",B,,4,[],2026-04-27 14:38:25.578705
53,乐天,候选词,,乐观向上,['阳光开朗（10个候选词）'],"['可爱灵动', '现代简约', '阳光开朗（10个候选词）']",B,,4,[],2026-04-27 14:38:25.579436
54,欣然,候选词,,欢喜自然,['阳光开朗（10个候选词）'],"['温柔婉约', '诗意浪漫', '阳光开朗（10个候选词）']",B,,4,[],2026-04-27 14:38:25.580092
55,恺悌,候选词,,和乐平易,['阳光开朗（10个候选词）'],"['古风典雅', '温柔婉约', '阳光开朗（10个候选词）']",B,,4,[],2026-04-27 14:38:25.580806
56,舒畅,候选词,,舒心畅快,['阳光开朗（10个候选词）'],"['现代简约', '清新自然', '阳光开朗（10个候选词）']",B,,4,[],2026-04-27 14:38:25.581558
57,开朗,候选词,,心胸开阔,['阳光开朗（10个候选词）'],"['现代简约', '大气豪迈', '阳光开朗（10个候选词）']",B,,4,[],2026-04-27 14:38:25.582275
58,笑然,候选词,,含笑自然,['阳光开朗（10个候选词）'],"['可爱灵动', '独特个性', '阳光开朗（10个候选词）']",B,,4,[],2026-04-27 14:38:25.582946
59,暖阳,候选词,,温暖阳光,['阳光开朗（10个候选词）'],"['清新自然', '温柔婉约', '阳光开朗（10个候选词）']",B,,4,[],2026-04-27 14:38:25.583608
60,乐乐,候选词,,快乐愉悦,['阳光开朗（10个候选词）'],"['可爱灵动', '现代简约', '阳光开朗（10个候选词）']",B,,4,[],2026-04-27 14:38:25.584573
61,婉如,候选词,,温婉美好,['美丽俊俏（10个候选词）'],"['温柔婉约', '古风典雅', '美丽俊俏（10个候选词）']",B,,4,[],2026-04-27 14:38:25.585381
62,嫣然,候选词,,美好含笑,['美丽俊俏（10个候选词）'],"['可爱灵动', '诗意浪漫', '美丽俊俏（10个候选词）']",B,,4,[],2026-04-27 14:38:25.586186
63,姝丽,候选词,,美丽女子,['美丽俊俏（10个候选词）'],"['温柔婉约', '古风典雅', '美丽俊俏（10个候选词）']",B,,4,[],2026-04-27 14:38:25.586966
64,倩兮,候选词,,笑容美好,['美丽俊俏（10个候选词）'],"['可爱灵动', '诗意浪漫', '美丽俊俏（10个候选词）']",B,,4,[],2026-04-27 14:38:25.587705
65,雅婷,候选词,,优雅娉婷,['美丽俊俏（10个候选词）'],"['温柔婉约', '现代简约', '美丽俊俏（10个候选词）']",B,,4,[],2026-04-27 14:38:25.588508
66,秀妍,候选词,,秀丽美妍,['美丽俊俏（10个候选词）'],"['清新自然', '温柔婉约', '美丽俊俏（10个候选词）']",B,,4,[],2026-04-27 14:38:25.589349
67,若溪,候选词,,如溪清澈,['美丽俊俏（10个候选词）'],"['清新自然', '诗意浪漫', '美丽俊俏（10个候选词）']",B,,4,[],2026-04-27 14:38:25.590165
68,艺璇,候选词,,才艺美玉,['美丽俊俏（10个候选词）'],"['独特个性', '现代简约', '美丽俊俏（10个候选词）']",B,,4,[],2026-04-27 14:38:25.591033
69,美如,候选词,,美好如意,['美丽俊俏（10个候选词）'],"['温柔婉约', '可爱灵动', '美丽俊俏（10个候选词）']",B,,4,[],2026-04-27 14:38:25.591987
70,娇然,候选词,,娇美自然,['美丽俊俏（10个候选词）'],"['可爱灵动', '独特个性', '美丽俊俏（10个候选词）']",B,,4,[],2026-04-27 14:38:25.592762
71,毅刚,候选词,,坚毅刚强,['勇敢坚强（10个候选词）'],"['大气豪迈', '稳重成熟', '勇敢坚强（10个候选词）']",B,,4,[],2026-04-27 14:38:25.593488
72,勇为,候选词,,勇敢作为,['勇敢坚强（10个候选词）'],"['现代简约', '大气豪迈', '勇敢坚强（10个候选词）']",B,,4,[],2026-04-27 14:38:25.594349
73,强志,候选词,,意志坚强,['勇敢坚强（10个候选词）'],"['稳重成熟', '独特个性', '勇敢坚强（10个候选词）']",B,,4,[],2026-04-27 14:38:25.59535
74,坚白,候选词,,坚贞清白,['勇敢坚强（10个候选词）'],"['古风典雅', '稳重成熟', '勇敢坚强（10个候选词）']",B,,4,[],2026-04-27 14:38:25.596345
75,果行,候选词,,果敢行动,['勇敢坚强（10个候选词）'],"['现代简约', '独特个性', '勇敢坚强（10个候选词）']",B,,4,[],2026-04-27 14:38:25.597395
76,无畏,候选词,,无所畏惧,['勇敢坚强（10个候选词）'],"['独特个性', '大气豪迈', '勇敢坚强（10个候选词）']",B,,4,[],2026-04-27 14:38:25.598414
77,劲松,候选词,,如松坚韧,['勇敢坚强（10个候选词）'],"['大气豪迈', '古风典雅', '勇敢坚强（10个候选词）']",B,,4,[],2026-04-27 14:38:25.599501
78,浩然,候选词,,浩然正气,['勇敢坚强（10个候选词）'],"['大气豪迈', '诗意浪漫', '勇敢坚强（10个候选词）']",B,,4,[],2026-04-27 14:38:25.60063
79,铮然,候选词,,铮铮铁骨,['勇敢坚强（10个候选词）'],"['独特个性', '大气豪迈', '勇敢坚强（10个候选词）']",B,,4,[],2026-04-27 14:38:25.601718
80,恒毅,候选词,,恒久坚毅,['勇敢坚强（10个候选词）'],"['稳重成熟', '现代简约', '勇敢坚强（10个候选词）']",B,,4,[],2026-04-27 14:38:25.602678
81,嘉乐,候选词,,美好快乐,['幸福美满（10个候选词）'],"['可爱灵动', '现代简约', '幸福美满（10个候选词）']",B,,4,[],2026-04-27 14:38:25.603614
82,和美,候选词,,和谐美满,['幸福美满（10个候选词）'],"['温柔婉约', '稳重成熟', '幸福美满（10个候选词）']",B,,4,[],2026-04-27 14:38:25.604483
83,欣悦,候选词,,欣喜愉悦,['幸福美满（10个候选词）'],"['可爱灵动', '清新自然', '幸福美满（10个候选词）']",B,,4,[],2026-04-27 14:38:25.605156
84,愉然,候选词,,愉悦自然,['幸福美满（10个候选词）'],"['温柔婉约', '诗意浪漫', '幸福美满（10个候选词）']",B,,4,[],2026-04-27 14:38:25.606117
85,满堂,候选词,,福气满堂,['幸福美满（10个候选词）'],"['大气豪迈', '古风典雅', '幸福美满（10个候选词）']",B,,4,[],2026-04-27 14:38:25.607068
86,天伦,候选词,,天伦之乐,['幸福美满（10个候选词）'],"['稳重成熟', '古风典雅', '幸福美满（10个候选词）']",B,,4,[],2026-04-27 14:38:25.607998
87,福泽,候选词,,福气深厚,['幸福美满（10个候选词）'],"['大气豪迈', '古风典雅', '幸福美满（10个候选词）']",B,,4,[],2026-04-27 14:38:25.608879
88,喜乐,候选词,,欢喜快乐,['幸福美满（10个候选词）'],"['可爱灵动', '现代简约', '幸福美满（10个候选词）']",B,,4,[],2026-04-27 14:38:25.609626
89,圆融,候选词,,圆满融通,['幸福美满（10个候选词）'],"['独特个性', '诗意浪漫', '幸福美满（10个候选词）']",B,,4,[],2026-04-27 14:38:25.610287
90,洽怡,候选词,,和洽愉悦,['幸福美满（10个候选词）'],"['温柔婉约', '古风典雅', '幸福美满（10个候选词）']",B,,4,[],2026-04-27 14:38:25.610953
91,艺卓,候选词,,艺术卓越,['才华艺术（10个候选词）'],"['独特个性', '现代简约', '才华艺术（10个候选词）']",B,,4,[],2026-04-27 14:38:25.611547
92,文翰,候选词,,文章华美,['才华艺术（10个候选词）'],"['古风典雅', '诗意浪漫', '才华艺术（10个候选词）']",B,,4,[],2026-04-27 14:38:25.612132
93,墨香,候选词,,笔墨书香,['才华艺术（10个候选词）'],"['诗意浪漫', '古风典雅', '才华艺术（10个候选词）']",B,,4,[],2026-04-27 14:38:25.613272
94,弦歌,候选词,,琴瑟和鸣,['才华艺术（10个候选词）'],"['诗意浪漫', '温柔婉约', '才华艺术（10个候选词）']",B,,4,[],2026-04-27 14:38:25.614405
95,书韵,候选词,,书卷气韵,['才华艺术（10个候选词）'],"['古风典雅', '稳重成熟', '才华艺术（10个候选词）']",B,,4,[],2026-04-27 14:38:25.615487
96,画意,候选词,,如诗如画,['才华艺术（10个候选词）'],"['诗意浪漫', '独特个性', '才华艺术（10个候选词）']",B,,4,[],2026-04-27 14:38:25.616397
97,琴心,候选词,,琴艺心灵,['才华艺术（10个候选词）'],"['温柔婉约', '诗意浪漫', '才华艺术（10个候选词）']",B,,4,[],2026-04-27 14:38:25.617265
98,诗语,候选词,,诗意语言,['才华艺术（10个候选词）'],"['诗意浪漫', '独特个性', '才华艺术（10个候选词）']",B,,4,[],2026-04-27 14:38:25.618033
99,才骏,候选词,,才华卓越,['才华艺术（10个候选词）'],"['大气豪迈', '独特个性', '才华艺术（10个候选词）']",B,,4,[],2026-04-27 14:38:25.618729
100,雅集,候选词,,文人雅集,['才华艺术（10个候选词）'],"['古风典雅', '诗意浪漫', '才华艺术（10个候选词）']",B,,4,[],2026-04-27 14:38:25.619521
101,安,单字,,平安、安定,['平安健康'],"['稳重成熟', '现代简约', '平安健康']",B,,4,[],2026-04-27 14:38:25.620766
102,康,单字,,健康、安乐,['平安健康'],"['大气豪迈', '稳重成熟', '平安健康']",B,,4,[],2026-04-27 14:38:25.621762
103,宁,单字,,安宁、宁静,['平安健康'],"['温柔婉约', '清新自然', '平安健康']",B,,4,[],2026-04-27 14:38:25.62263
104,泰,单字,,安泰、通达,['平安健康'],"['大气豪迈', '古风典雅', '平安健康']",B,,4,[],2026-04-27 14:38:25.623419
105,颐,单字,,养身、安适,['平安健康'],"['古风典雅', '诗意浪漫', '平安健康']",B,,4,[],2026-04-27 14:38:25.624088
106,平,单字,,平安、平和,['平安健康'],"['现代简约', '清新自然', '平安健康']",B,,4,[],2026-04-27 14:38:25.624714
107,和,单字,,和谐、温和,['平安健康'],"['温柔婉约', '稳重成熟', '平安健康']",B,,4,[],2026-04-27 14:38:25.625586
108,顺,单字,,顺遂、顺利,['平安健康'],"['现代简约', '稳重成熟', '平安健康']",B,,4,[],2026-04-27 14:38:25.626352
109,佑,单字,,护佑、保佑,['平安健康'],"['大气豪迈', '古风典雅', '平安健康']",B,,4,[],2026-04-27 14:38:25.627062
110,恬,单字,,恬静、安然,['平安健康'],"['温柔婉约', '诗意浪漫', '平安健康']",B,,4,[],2026-04-27 14:38:25.62772
111,睿,单字,,智慧、深明,['聪明智慧'],"['大气豪迈', '稳重成熟', '聪明智慧']",B,,4,[],2026-04-27 14:38:25.628335
112,智,单字,,智慧、聪明,['聪明智慧'],"['现代简约', '稳重成熟', '聪明智慧']",B,,4,[],2026-04-27 14:38:25.628979
113,慧,单字,,聪慧、灵性,['聪明智慧'],"['温柔婉约', '诗意浪漫', '聪明智慧']",B,,4,[],2026-04-27 14:38:25.629717
114,明,单字,,明达、清晰,['聪明智慧'],"['阳光开朗', '现代简约', '聪明智慧']",B,,4,[],2026-04-27 14:38:25.630431
115,哲,单字,,哲理、明智,['聪明智慧'],"['古风典雅', '稳重成熟', '聪明智慧']",B,,4,[],2026-04-27 14:38:25.631071
116,颖,单字,,聪颖、出众,['聪明智慧'],"['独特个性', '现代简约', '聪明智慧']",B,,4,[],2026-04-27 14:38:25.631721
117,灵,单字,,灵巧、聪敏,['聪明智慧'],"['清新自然', '可爱灵动', '聪明智慧']",B,,4,[],2026-04-27 14:38:25.632351
118,悟,单字,,觉悟、领悟,['聪明智慧'],"['古风典雅', '独特个性', '聪明智慧']",B,,4,[],2026-04-27 14:38:25.63351
119,析,单字,,明辨、分析,['聪明智慧'],"['现代简约', '独特个性', '聪明智慧']",B,,4,[],2026-04-27 14:38:25.634275
120,觉,单字,,觉悟、智慧,['聪明智慧'],"['诗意浪漫', '独特个性', '聪明智慧']",B,,4,[],2026-04-27 14:38:25.635222
121,成,单字,,成功、成就,['事业有成'],"['现代简约', '大气豪迈', '事业有成']",B,,4,[],2026-04-27 14:38:25.636072
122,达,单字,,通达、显达,['事业有成'],"['大气豪迈', '稳重成熟', '事业有成']",B,,4,[],2026-04-27 14:38:25.636821
123,业,单字,,事业、功业,['事业有成'],"['稳重成熟', '古风典雅', '事业有成']",B,,4,[],2026-04-27 14:38:25.637693
124,宏,单字,,宏大、广博,['事业有成'],"['大气豪迈', '稳重成熟', '事业有成']",B,,4,[],2026-04-27 14:38:25.638525
125,展,单字,,施展、拓展,['事业有成'],"['现代简约', '独特个性', '事业有成']",B,,4,[],2026-04-27 14:38:25.639246
126,腾,单字,,腾飞、上升,['事业有成'],"['大气豪迈', '阳光开朗', '事业有成']",B,,4,[],2026-04-27 14:38:25.640175
127,升,单字,,上升、晋升,['事业有成'],"['现代简约', '阳光开朗', '事业有成']",B,,4,[],2026-04-27 14:38:25.641191
128,鹏,单字,,大鹏、高飞,['事业有成'],"['大气豪迈', '独特个性', '事业有成']",B,,4,[],2026-04-27 14:38:25.642058
129,勋,单字,,功勋、业绩,['事业有成'],"['古风典雅', '稳重成熟', '事业有成']",B,,4,[],2026-04-27 14:38:25.642958
130,骏,单字,,骏马、杰出,['事业有成'],"['大气豪迈', '独特个性', '事业有成']",B,,4,[],2026-04-27 14:38:25.643847
131,富,单字,,富裕、富有,['富贵财富'],"['稳重成熟', '大气豪迈', '富贵财富']",B,,4,[],2026-04-27 14:38:25.644831
132,贵,单字,,尊贵、高贵,['富贵财富'],"['古风典雅', '大气豪迈', '富贵财富']",B,,4,[],2026-04-27 14:38:25.645772
133,金,单字,,珍贵、财富,['富贵财富'],"['现代简约', '大气豪迈', '富贵财富']",B,,4,[],2026-04-27 14:38:25.646726
134,玉,单字,,珍贵、美好,['富贵财富'],"['温柔婉约', '古风典雅', '富贵财富']",B,,4,[],2026-04-27 14:38:25.647872
135,宝,单字,,宝贵、珍爱,['富贵财富'],"['可爱灵动', '稳重成熟', '富贵财富']",B,,4,[],2026-04-27 14:38:25.648848
136,瑞,单字,,祥瑞、吉祥,['富贵财富'],"['诗意浪漫', '大气豪迈', '富贵财富']",B,,4,[],2026-04-27 14:38:25.649805
137,丰,单字,,丰收、丰盛,['富贵财富'],"['清新自然', '稳重成熟', '富贵财富']",B,,4,[],2026-04-27 14:38:25.650582
138,裕,单字,,富足、宽裕,['富贵财富'],"['现代简约', '稳重成熟', '富贵财富']",B,,4,[],2026-04-27 14:38:25.651275
139,昌,单字,,昌盛、兴旺,['富贵财富'],"['大气豪迈', '阳光开朗', '富贵财富']",B,,4,[],2026-04-27 14:38:25.651945
140,殷,单字,,殷实、丰厚,['富贵财富'],"['古风典雅', '稳重成熟', '富贵财富']",B,,4,[],2026-04-27 14:38:25.652563
141,德,单字,,品德、道德,['品德高尚'],"['古风典雅', '稳重成熟', '品德高尚']",B,,4,[],2026-04-27 14:38:25.653199
142,仁,单字,,仁爱、仁慈,['品德高尚'],"['温柔婉约', '古风典雅', '品德高尚']",B,,4,[],2026-04-27 14:38:25.653859
143,义,单字,,正义、道义,['品德高尚'],"['大气豪迈', '稳重成熟', '品德高尚']",B,,4,[],2026-04-27 14:38:25.654687
144,礼,单字,,礼节、尊重,['品德高尚'],"['古风典雅', '温柔婉约', '品德高尚']",B,,4,[],2026-04-27 14:38:25.655631
145,诚,单字,,诚信、真诚,['品德高尚'],"['现代简约', '稳重成熟', '品德高尚']",B,,4,[],2026-04-27 14:38:25.656713
146,信,单字,,诚信、信任,['品德高尚'],"['大气豪迈', '稳重成熟', '品德高尚']",B,,4,[],2026-04-27 14:38:25.657624
147,忠,单字,,忠诚、忠心,['品德高尚'],"['古风典雅', '稳重成熟', '品德高尚']",B,,4,[],2026-04-27 14:38:25.658573
148,恕,单字,,宽恕、包容,['品德高尚'],"['温柔婉约', '诗意浪漫', '品德高尚']",B,,4,[],2026-04-27 14:38:25.659346
149,廉,单字,,廉洁、清廉,['品德高尚'],"['稳重成熟', '独特个性', '品德高尚']",B,,4,[],2026-04-27 14:38:25.660084
150,谦,单字,,谦虚、谦逊,['品德高尚'],"['温柔婉约', '古风典雅', '品德高尚']",B,,4,[],2026-04-27 14:38:25.660958
151,阳,单字,,阳光、温暖,['阳光开朗'],"['阳光开朗', '清新自然']",B,,4,[],2026-04-27 14:38:25.66209
152,光,单字,,光明、光彩,['阳光开朗'],"['大气豪迈', '现代简约', '阳光开朗']",B,,4,[],2026-04-27 14:38:25.663189
153,朗,单字,,明朗、爽朗,['阳光开朗'],"['阳光开朗', '现代简约']",B,,4,[],2026-04-27 14:38:25.664391
154,熙,单字,,光明、和煦,['阳光开朗'],"['诗意浪漫', '温柔婉约', '阳光开朗']",B,,4,[],2026-04-27 14:38:25.665441
155,乐,单字,,快乐、欢乐,['阳光开朗'],"['可爱灵动', '阳光开朗']",B,,4,[],2026-04-27 14:38:25.666451
156,然,单字,,自然、坦然,['阳光开朗'],"['现代简约', '清新自然', '阳光开朗']",B,,4,[],2026-04-27 14:38:25.667192
157,恺,单字,,和乐、快乐,['阳光开朗'],"['古风典雅', '温柔婉约', '阳光开朗']",B,,4,[],2026-04-27 14:38:25.668103
158,畅,单字,,舒畅、畅快,['阳光开朗'],"['现代简约', '阳光开朗']",B,,4,[],2026-04-27 14:38:25.669312
159,曦,单字,,晨光、阳光,['阳光开朗'],"['诗意浪漫', '清新自然', '阳光开朗']",B,,4,[],2026-04-27 14:38:25.670455
160,昭,单字,,光明、显著,['阳光开朗'],"['大气豪迈', '古风典雅', '阳光开朗']",B,,4,[],2026-04-27 14:38:25.671611
161,美,单字,,美丽、美好,['美丽俊俏'],"['温柔婉约', '现代简约', '美丽俊俏']",B,,4,[],2026-04-27 14:38:25.672406
162,丽,单字,,美丽、秀丽,['美丽俊俏'],"['温柔婉约', '清新自然', '美丽俊俏']",B,,4,[],2026-04-27 14:38:25.673297
163,雅,单字,,优雅、高尚,['美丽俊俏'],"['古风典雅', '温柔婉约', '美丽俊俏']",B,,4,[],2026-04-27 14:38:25.674072
164,婷,单字,,娉婷、美好,['美丽俊俏'],"['温柔婉约', '诗意浪漫', '美丽俊俏']",B,,4,[],2026-04-27 14:38:25.675066
165,嫣,单字,,嫣然、美好,['美丽俊俏'],"['诗意浪漫', '可爱灵动', '美丽俊俏']",B,,4,[],2026-04-27 14:38:25.675968
166,姝,单字,,美好、女子,['美丽俊俏'],"['古风典雅', '温柔婉约', '美丽俊俏']",B,,4,[],2026-04-27 14:38:25.676843
167,倩,单字,,美丽、含笑,['美丽俊俏'],"['可爱灵动', '独特个性', '美丽俊俏']",B,,4,[],2026-04-27 14:38:25.678061
168,秀,单字,,秀丽、优秀,['美丽俊俏'],"['清新自然', '温柔婉约', '美丽俊俏']",B,,4,[],2026-04-27 14:38:25.679004
169,婉,单字,,温婉、柔和,['美丽俊俏'],"['温柔婉约', '诗意浪漫', '美丽俊俏']",B,,4,[],2026-04-27 14:38:25.679765
170,娇,单字,,娇美、可爱,['美丽俊俏'],"['可爱灵动', '温柔婉约', '美丽俊俏']",B,,4,[],2026-04-27 14:38:25.680406
171,勇,单字,,勇敢、胆识,['勇敢坚强'],"['大气豪迈', '现代简约', '勇敢坚强']",B,,4,[],2026-04-27 14:38:25.68126
172,刚,单字,,刚强、坚强,['勇敢坚强'],"['大气豪迈', '稳重成熟', '勇敢坚强']",B,,4,[],2026-04-27 14:38:25.682214
173,毅,单字,,坚毅、果断,['勇敢坚强'],"['稳重成熟', '独特个性', '勇敢坚强']",B,,4,[],2026-04-27 14:38:25.682986
174,强,单字,,强大、坚强,['勇敢坚强'],"['大气豪迈', '现代简约', '勇敢坚强']",B,,4,[],2026-04-27 14:38:25.683857
175,坚,单字,,坚定、牢固,['勇敢坚强'],"['稳重成熟', '古风典雅', '勇敢坚强']",B,,4,[],2026-04-27 14:38:25.684718
176,果,单字,,果敢、果断,['勇敢坚强'],"['现代简约', '独特个性', '勇敢坚强']",B,,4,[],2026-04-27 14:38:25.685528
177,敢,单字,,勇敢、敢于,['勇敢坚强'],"['独特个性', '大气豪迈', '勇敢坚强']",B,,4,[],2026-04-27 14:38:25.686409
178,铮,单字,,铮铮、刚正,['勇敢坚强'],"['大气豪迈', '独特个性', '勇敢坚强']",B,,4,[],2026-04-27 14:38:25.687168
179,悍,单字,,勇敢、强悍,['勇敢坚强'],"['独特个性', '大气豪迈', '勇敢坚强']",B,,4,[],2026-04-27 14:38:25.687866
180,雄,单字,,英雄、雄壮,['勇敢坚强'],"['大气豪迈', '独特个性', '勇敢坚强']",B,,4,[],2026-04-27 14:38:25.688669
181,福,单字,,福气、幸福,['幸福美满'],"['稳重成熟', '古风典雅', '幸福美满']",B,,4,[],2026-04-27 14:38:25.68958
182,喜,单字,,喜悦、欢喜,['幸福美满'],"['可爱灵动', '现代简约', '幸福美满']",B,,4,[],2026-04-27 14:38:25.690253
183,乐,单字,,快乐、安乐,['幸福美满'],"['阳光开朗', '可爱灵动', '幸福美满']",B,,4,[],2026-04-27 14:38:25.691021
184,嘉,单字,,美好、赞美,['幸福美满'],"['古风典雅', '稳重成熟', '幸福美满']",B,,4,[],2026-04-27 14:38:25.69176
185,欣,单字,,欣喜、欢欣,['幸福美满'],"['清新自然', '阳光开朗', '幸福美满']",B,,4,[],2026-04-27 14:38:25.692754
186,悦,单字,,喜悦、愉快,['幸福美满'],"['温柔婉约', '诗意浪漫', '幸福美满']",B,,4,[],2026-04-27 14:38:25.693742
187,满,单字,,圆满、满足,['幸福美满'],"['大气豪迈', '稳重成熟', '幸福美满']",B,,4,[],2026-04-27 14:38:25.694782
188,圆,单字,,圆满、周全,['幸福美满'],"['现代简约', '稳重成熟', '幸福美满']",B,,4,[],2026-04-27 14:38:25.695682
189,怡,单字,,愉悦、快乐,['幸福美满'],"['温柔婉约', '诗意浪漫', '幸福美满']",B,,4,[],2026-04-27 14:38:25.696831
190,祯,单字,,吉祥、幸福,['幸福美满'],"['古风典雅', '稳重成熟', '幸福美满']",B,,4,[],2026-04-27 14:38:25.697886
191,艺,单字,,才艺、艺术,['才华艺术'],"['独特个性', '现代简约', '才华艺术']",B,,4,[],2026-04-27 14:38:25.69869
192,才,单字,,才华、才能,['才华艺术'],"['现代简约', '大气豪迈', '才华艺术']",B,,4,[],2026-04-27 14:38:25.699682
193,文,单字,,文采、文化,['才华艺术'],"['古风典雅', '稳重成熟', '才华艺术']",B,,4,[],2026-04-27 14:38:25.700419
194,墨,单字,,笔墨、书画,['才华艺术'],"['诗意浪漫', '古风典雅', '才华艺术']",B,,4,[],2026-04-27 14:38:25.700989
195,书,单字,,书法、读书,['才华艺术'],"['古风典雅', '稳重成熟', '才华艺术']",B,,4,[],2026-04-27 14:38:25.701588
196,画,单字,,绘画、艺术,['才华艺术'],"['诗意浪漫', '独特个性', '才华艺术']",B,,4,[],2026-04-27 14:38:25.702228
197,琴,单字,,琴艺、音乐,['才华艺术'],"['诗意浪漫', '温柔婉约', '才华艺术']",B,,4,[],2026-04-27 14:38:25.703094
198,诗,单字,,诗意、文学,['才华艺术'],"['诗意浪漫', '独特个性', '才华艺术']",B,,4,[],2026-04-27 14:38:25.704087
199,韵,单字,,韵味、风韵,['才华艺术'],"['诗意浪漫', '古风典雅', '才华艺术']",B,,4,[],2026-04-27 14:38:25.70519
200,弦,单字,,弦乐、乐器,['才华艺术'],"['诗意浪漫', '温柔婉约', '才华艺术']",B,,4,[],2026-04-27 14:38:25.706116
201,禾,补充单字,,五谷丰登，安康,['平安健康'],"['清新自然', '现代简约', '平安健康']",B,,4,[],2026-04-27 14:38:25.707258
202,芮,补充单字,,小草初生，生机,['平安健康'],"['清新自然', '可爱灵动', '平安健康']",B,,4,[],2026-04-27 14:38:25.70817
203,璟,补充单字,,玉之光，平安,['平安健康'],"['古风典雅', '稳重成熟', '平安健康']",B,,4,[],2026-04-27 14:38:25.708896
204,屹,补充单字,,屹立不倒,['平安健康'],"['大气豪迈', '稳重成熟', '平安健康']",B,,4,[],2026-04-27 14:38:25.709709
205,晞,补充单字,,破晓安康,['平安健康'],"['诗意浪漫', '清新自然', '平安健康']",B,,4,[],2026-04-27 14:38:25.710837
206,珩,补充单字,,佩玉平安,['平安健康'],"['古风典雅', '独特个性', '平安健康']",B,,4,[],2026-04-27 14:38:25.711732
207,燊,补充单字,,旺盛安康,['平安健康'],"['大气豪迈', '独特个性', '平安健康']",B,,4,[],2026-04-27 14:38:25.712707
208,珵,补充单字,,玉之平安,['平安健康'],"['古风典雅', '稳重成熟', '平安健康']",B,,4,[],2026-04-27 14:38:25.713587
209,歆,补充单字,,欣喜安康,['平安健康'],"['温柔婉约', '诗意浪漫', '平安健康']",B,,4,[],2026-04-27 14:38:25.714305
210,颐,补充单字,,养身安适,['平安健康'],"['古风典雅', '诗意浪漫', '平安健康']",B,,4,[],2026-04-27 14:38:25.715154
211,宥,补充单字,,宽宥平安,['平安健康'],"['古风典雅', '稳重成熟', '平安健康']",B,,4,[],2026-04-27 14:38:25.715921
212,晏,补充单字,,天清日晏,['平安健康'],"['诗意浪漫', '古风典雅', '平安健康']",B,,4,[],2026-04-27 14:38:25.716664
213,栩,补充单字,,栩栩如生,['平安健康'],"['现代简约', '清新自然', '平安健康']",B,,4,[],2026-04-27 14:38:25.717424
214,珞,补充单字,,璎珞平安,['平安健康'],"['温柔婉约', '独特个性', '平安健康']",B,,4,[],2026-04-27 14:38:25.718376
215,甯,补充单字,,安宁之心,['平安健康'],"['古风典雅', '稳重成熟', '平安健康']",B,,4,[],2026-04-27 14:38:25.719183
216,禾安,补充二字词,,五谷丰登之安,['平安健康'],"['清新自然', '现代简约', '平安健康']",B,,4,[],2026-04-27 14:38:25.71995
217,芮宁,补充二字词,,初生之宁,['平安健康'],"['清新自然', '可爱灵动', '平安健康']",B,,4,[],2026-04-27 14:38:25.720691
218,璟和,补充二字词,,玉之温和,['平安健康'],"['古风典雅', '稳重成熟', '平安健康']",B,,4,[],2026-04-27 14:38:25.721408
219,屹然,补充二字词,,屹立安然,['平安健康'],"['大气豪迈', '稳重成熟', '平安健康']",B,,4,[],2026-04-27 14:38:25.72225
220,晞光,补充二字词,,晨光安康,['平安健康'],"['诗意浪漫', '清新自然', '平安健康']",B,,4,[],2026-04-27 14:38:25.723123
221,珩安,补充二字词,,佩玉平安,['平安健康'],"['古风典雅', '独特个性', '平安健康']",B,,4,[],2026-04-27 14:38:25.723962
222,燊宁,补充二字词,,旺盛安宁,['平安健康'],"['大气豪迈', '独特个性', '平安健康']",B,,4,[],2026-04-27 14:38:25.724757
223,歆安,补充二字词,,欣喜平安,['平安健康'],"['温柔婉约', '诗意浪漫', '平安健康']",B,,4,[],2026-04-27 14:38:25.725595
224,颐和,补充二字词,,养身平和,['平安健康'],"['古风典雅', '诗意浪漫', '平安健康']",B,,4,[],2026-04-27 14:38:25.726495
225,宥安,补充二字词,,宽宥平安,['平安健康'],"['古风典雅', '稳重成熟', '平安健康']",B,,4,[],2026-04-27 14:38:25.727269
226,晏如,补充二字词,,天清日晏,['平安健康'],"['诗意浪漫', '古风典雅', '平安健康']",B,,4,[],2026-04-27 14:38:25.728036
227,栩然,补充二字词,,生动自然,['平安健康'],"['现代简约', '清新自然', '平安健康']",B,,4,[],2026-04-27 14:38:25.728739
228,珞安,补充二字词,,璎珞平安,['平安健康'],"['温柔婉约', '独特个性', '平安健康']",B,,4,[],2026-04-27 14:38:25.729716
229,甯和,补充二字词,,安宁平和,['平安健康'],"['古风典雅', '稳重成熟', '平安健康']",B,,4,[],2026-04-27 14:38:25.730741
230,载安,补充二字词,,承载平安,['平安健康'],"['大气豪迈', '古风典雅', '平安健康']",B,,4,[],2026-04-27 14:38:25.731875
231,奕,补充单字,,神采奕奕,['聪明智慧'],"['大气豪迈', '现代简约', '聪明智慧']",B,,4,[],2026-04-27 14:38:25.733245
232,昱,补充单字,,日光智慧,['聪明智慧'],"['阳光开朗', '古风典雅', '聪明智慧']",B,,4,[],2026-04-27 14:38:25.734291
233,珩,补充单字,,玉之智慧,['聪明智慧'],"['古风典雅', '稳重成熟', '聪明智慧']",B,,4,[],2026-04-27 14:38:25.735165
234,瑾,补充单字,,美玉智慧,['聪明智慧'],"['温柔婉约', '古风典雅', '聪明智慧']",B,,4,[],2026-04-27 14:38:25.736315
235,瑜,补充单字,,智慧如瑜,['聪明智慧'],"['古风典雅', '稳重成熟', '聪明智慧']",B,,4,[],2026-04-27 14:38:25.737113
236,琛,补充单字,,珍宝智慧,['聪明智慧'],"['古风典雅', '独特个性', '聪明智慧']",B,,4,[],2026-04-27 14:38:25.738076
237,璋,补充单字,,玉之智,['聪明智慧'],"['大气豪迈', '古风典雅', '聪明智慧']",B,,4,[],2026-04-27 14:38:25.739123
238,璇,补充单字,,美玉智慧,['聪明智慧'],"['温柔婉约', '诗意浪漫', '聪明智慧']",B,,4,[],2026-04-27 14:38:25.739963
239,璟,补充单字,,玉光智慧,['聪明智慧'],"['古风典雅', '稳重成熟', '聪明智慧']",B,,4,[],2026-04-27 14:38:25.740701
240,皙,补充单字,,明辨智慧,['聪明智慧'],"['现代简约', '独特个性', '聪明智慧']",B,,4,[],2026-04-27 14:38:25.741347
241,觉,补充单字,,觉悟智慧,['聪明智慧'],"['诗意浪漫', '独特个性', '聪明智慧']",B,,4,[],2026-04-27 14:38:25.741917
242,鉴,补充单字,,明鉴智慧,['聪明智慧'],"['稳重成熟', '古风典雅', '聪明智慧']",B,,4,[],2026-04-27 14:38:25.742418
243,识,补充单字,,见识广博,['聪明智慧'],"['现代简约', '稳重成熟', '聪明智慧']",B,,4,[],2026-04-27 14:38:25.74296
244,晰,补充单字,,清晰明辨,['聪明智慧'],"['现代简约', '清新自然', '聪明智慧']",B,,4,[],2026-04-27 14:38:25.743507
245,昭,补充单字,,昭然若揭,['聪明智慧'],"['大气豪迈', '古风典雅', '聪明智慧']",B,,4,[],2026-04-27 14:38:25.744001
246,奕辰,补充二字词,,神采星辰,['聪明智慧'],"['大气豪迈', '现代简约', '聪明智慧']",B,,4,[],2026-04-27 14:38:25.745
247,昱辰,补充二字词,,日光星辰,['聪明智慧'],"['阳光开朗', '古风典雅', '聪明智慧']",B,,4,[],2026-04-27 14:38:25.746101
248,瑾瑜,补充二字词,,美玉智慧,['聪明智慧'],"['温柔婉约', '古风典雅', '聪明智慧']",B,,4,[],2026-04-27 14:38:25.747067
249,琛瑞,补充二字词,,珍宝祥瑞,['聪明智慧'],"['古风典雅', '独特个性', '聪明智慧']",B,,4,[],2026-04-27 14:38:25.747922
250,璋明,补充二字词,,玉之明达,['聪明智慧'],"['大气豪迈', '古风典雅', '聪明智慧']",B,,4,[],2026-04-27 14:38:25.748765
251,璇玑,补充二字词,,北斗智慧,['聪明智慧'],"['温柔婉约', '诗意浪漫', '聪明智慧']",B,,4,[],2026-04-27 14:38:25.749708
252,璟睿,补充二字词,,玉光睿智,['聪明智慧'],"['古风典雅', '稳重成熟', '聪明智慧']",B,,4,[],2026-04-27 14:38:25.750601
253,皙明,补充二字词,,明辨通达,['聪明智慧'],"['现代简约', '独特个性', '聪明智慧']",B,,4,[],2026-04-27 14:38:25.751437
254,觉明,补充二字词,,觉悟明理,['聪明智慧'],"['诗意浪漫', '独特个性', '聪明智慧']",B,,4,[],2026-04-27 14:38:25.752437
255,鉴远,补充二字词,,明鉴深远,['聪明智慧'],"['稳重成熟', '古风典雅', '聪明智慧']",B,,4,[],2026-04-27 14:38:25.753325
256,识远,补充二字词,,见识远大,['聪明智慧'],"['现代简约', '稳重成熟', '聪明智慧']",B,,4,[],2026-04-27 14:38:25.754291
257,晰然,补充二字词,,清晰了然,['聪明智慧'],"['现代简约', '清新自然', '聪明智慧']",B,,4,[],2026-04-27 14:38:25.75542
258,昭然,补充二字词,,昭然明达,['聪明智慧'],"['大气豪迈', '古风典雅', '聪明智慧']",B,,4,[],2026-04-27 14:38:25.756331
259,明睿,补充二字词,,明智睿达,['聪明智慧'],"['稳重成熟', '现代简约', '聪明智慧']",B,,4,[],2026-04-27 14:38:25.757171
260,思齐,补充二字词,,见贤思齐,['聪明智慧'],"['古风典雅', '稳重成熟', '聪明智慧']",B,,4,[],2026-04-27 14:38:25.757756
261,宸,补充单字,,帝王之气,['事业有成'],"['大气豪迈', '古风典雅', '事业有成']",B,,4,[],2026-04-27 14:38:25.758616
262,泽,补充单字,,恩泽润物,['事业有成'],"['大气豪迈', '稳重成熟', '事业有成']",B,,4,[],2026-04-27 14:38:25.759472
263,霖,补充单字,,甘霖济世,['事业有成'],"['大气豪迈', '诗意浪漫', '事业有成']",B,,4,[],2026-04-27 14:38:25.760135
264,航,补充单字,,扬帆起航,['事业有成'],"['现代简约', '大气豪迈', '事业有成']",B,,4,[],2026-04-27 14:38:25.760929
265,锦,补充单字,,前程似锦,['事业有成'],"['大气豪迈', '古风典雅', '事业有成']",B,,4,[],2026-04-27 14:38:25.761751
266,凯,补充单字,,凯旋而归,['事业有成'],"['大气豪迈', '现代简约', '事业有成']",B,,4,[],2026-04-27 14:38:25.762479
267,鹏,补充单字,,大鹏展翅,['事业有成'],"['大气豪迈', '独特个性', '事业有成']",B,,4,[],2026-04-27 14:38:25.763336
268,鸿,补充单字,,鸿图大展,['事业有成'],"['大气豪迈', '古风典雅', '事业有成']",B,,4,[],2026-04-27 14:38:25.764111
269,臻,补充单字,,日益臻善,['事业有成'],"['稳重成熟', '古风典雅', '事业有成']",B,,4,[],2026-04-27 14:38:25.765045
270,昂,补充单字,,昂首向前,['事业有成'],"['现代简约', '大气豪迈', '事业有成']",B,,4,[],2026-04-27 14:38:25.765886
271,凌,补充单字,,凌云壮志,['事业有成'],"['大气豪迈', '独特个性', '事业有成']",B,,4,[],2026-04-27 14:38:25.766645
272,攀,补充单字,,攀登高峰,['事业有成'],"['现代简约', '大气豪迈', '事业有成']",B,,4,[],2026-04-27 14:38:25.767403
273,跻,补充单字,,跻身前列,['事业有成'],"['现代简约', '独特个性', '事业有成']",B,,4,[],2026-04-27 14:38:25.768205
274,烨,补充单字,,光辉事业,['事业有成'],"['大气豪迈', '诗意浪漫', '事业有成']",B,,4,[],2026-04-27 14:38:25.769008
275,韬,补充单字,,韬光养晦,['事业有成'],"['古风典雅', '稳重成熟', '事业有成']",B,,4,[],2026-04-27 14:38:25.769801
276,沐宸,补充二字词,,如沐宸光,['事业有成'],"['大气豪迈', '现代简约', '事业有成']",B,,4,[],2026-04-27 14:38:25.77088
277,锦程,补充二字词,,锦绣前程,['事业有成'],"['大气豪迈', '古风典雅', '事业有成']",B,,4,[],2026-04-27 14:38:25.771821
278,凯泽,补充二字词,,凯旋恩泽,['事业有成'],"['大气豪迈', '稳重成熟', '事业有成']",B,,4,[],2026-04-27 14:38:25.772815
279,鸿渐,补充二字词,,鸿渐于磐,['事业有成'],"['古风典雅', '稳重成熟', '事业有成']",B,,4,[],2026-04-27 14:38:25.773638
280,臻善,补充二字词,,日益臻善,['事业有成'],"['稳重成熟', '古风典雅', '事业有成']",B,,4,[],2026-04-27 14:38:25.7745
281,昂然,补充二字词,,昂首向前,['事业有成'],"['现代简约', '大气豪迈', '事业有成']",B,,4,[],2026-04-27 14:38:25.775378
282,凌云,补充二字词,,凌云壮志,['事业有成'],"['大气豪迈', '独特个性', '事业有成']",B,,4,[],2026-04-27 14:38:25.776279
283,跻攀,补充二字词,,跻身攀登,['事业有成'],"['现代简约', '大气豪迈', '事业有成']",B,,4,[],2026-04-27 14:38:25.777176
284,烨然,补充二字词,,光辉灿烂,['事业有成'],"['大气豪迈', '诗意浪漫', '事业有成']",B,,4,[],2026-04-27 14:38:25.778223
285,韬光,补充二字词,,韬光养晦,['事业有成'],"['古风典雅', '稳重成熟', '事业有成']",B,,4,[],2026-04-27 14:38:25.779363
286,振宇,补充二字词,,振翅宇宙,['事业有成'],"['大气豪迈', '现代简约', '事业有成']",B,,4,[],2026-04-27 14:38:25.78069
287,启航,补充二字词,,开启航程,['事业有成'],"['现代简约', '大气豪迈', '事业有成']",B,,4,[],2026-04-27 14:38:25.781835
288,立诚,补充二字词,,立业诚信,['事业有成'],"['稳重成熟', '现代简约', '事业有成']",B,,4,[],2026-04-27 14:38:25.783417
289,建功,补充二字词,,建立功业,['事业有成'],"['现代简约', '大气豪迈', '事业有成']",B,,4,[],2026-04-27 14:38:25.784115
290,旭升,补充二字词,,旭日东升,['事业有成'],"['阳光开朗', '大气豪迈', '事业有成']",B,,4,[],2026-04-27 14:38:25.784787
291,璋,补充单字,,玉之富贵,['富贵财富'],"['古风典雅', '稳重成熟', '富贵财富']",B,,4,[],2026-04-27 14:38:25.785704
292,璐,补充单字,,宝玉富贵,['富贵财富'],"['温柔婉约', '古风典雅', '富贵财富']",B,,4,[],2026-04-27 14:38:25.787181
293,璟,补充单字,,玉光财富,['富贵财富'],"['古风典雅', '稳重成熟', '富贵财富']",B,,4,[],2026-04-27 14:38:25.788148
294,琛,补充单字,,珍宝财富,['富贵财富'],"['古风典雅', '独特个性', '富贵财富']",B,,4,[],2026-04-27 14:38:25.789104
295,珵,补充单字,,玉之财富,['富贵财富'],"['古风典雅', '稳重成熟', '富贵财富']",B,,4,[],2026-04-27 14:38:25.789823
296,珩,补充单字,,佩玉财富,['富贵财富'],"['古风典雅', '稳重成熟', '富贵财富']",B,,4,[],2026-04-27 14:38:25.790397
297,瑄,补充单字,,璧玉财富,['富贵财富'],"['古风典雅', '独特个性', '富贵财富']",B,,4,[],2026-04-27 14:38:25.790975
298,璜,补充单字,,半璧财富,['富贵财富'],"['古风典雅', '稳重成熟', '富贵财富']",B,,4,[],2026-04-27 14:38:25.791549
299,琮,补充单字,,玉琮财富,['富贵财富'],"['古风典雅', '独特个性', '富贵财富']",B,,4,[],2026-04-27 14:38:25.792064
300,玥,补充单字,,神珠财富,['富贵财富'],"['温柔婉约', '诗意浪漫', '富贵财富']",B,,4,[],2026-04-27 14:38:25.792632
301,琳,补充单字,,美玉财富,['富贵财富'],"['温柔婉约', '古风典雅', '富贵财富']",B,,4,[],2026-04-27 14:38:25.7943
302,琅,补充单字,,琅玕财富,['富贵财富'],"['古风典雅', '独特个性', '富贵财富']",B,,4,[],2026-04-27 14:38:25.795161
303,玙,补充单字,,宝玉财富,['富贵财富'],"['古风典雅', '稳重成熟', '富贵财富']",B,,4,[],2026-04-27 14:38:25.795833
304,琤,补充单字,,玉声财富,['富贵财富'],"['独特个性', '诗意浪漫', '富贵财富']",B,,4,[],2026-04-27 14:38:25.796486
305,琥,补充单字,,琥珀财富,['富贵财富'],"['独特个性', '古风典雅', '富贵财富']",B,,4,[],2026-04-27 14:38:25.797162
306,璋瑞,补充二字词,,玉之祥瑞,['富贵财富'],"['古风典雅', '稳重成熟', '富贵财富']",B,,4,[],2026-04-27 14:38:25.797769
307,璐瑶,补充二字词,,美玉珍宝,['富贵财富'],"['温柔婉约', '古风典雅', '富贵财富']",B,,4,[],2026-04-27 14:38:25.798342
308,璟琛,补充二字词,,玉光珍宝,['富贵财富'],"['古风典雅', '稳重成熟', '富贵财富']",B,,4,[],2026-04-27 14:38:25.798877
309,珵珩,补充二字词,,双玉财富,['富贵财富'],"['古风典雅', '稳重成熟', '富贵财富']",B,,4,[],2026-04-27 14:38:25.79944
310,瑄玥,补充二字词,,璧玉神珠,['富贵财富'],"['古风典雅', '独特个性', '富贵财富']",B,,4,[],2026-04-27 14:38:25.800242
311,琳琅,补充二字词,,美玉满堂,['富贵财富'],"['温柔婉约', '古风典雅', '富贵财富']",B,,4,[],2026-04-27 14:38:25.801037
312,玙璠,补充二字词,,宝玉财富,['富贵财富'],"['古风典雅', '稳重成熟', '富贵财富']",B,,4,[],2026-04-27 14:38:25.801797
313,琤琮,补充二字词,,玉声财富,['富贵财富'],"['独特个性', '诗意浪漫', '富贵财富']",B,,4,[],2026-04-27 14:38:25.80249
314,金璐,补充二字词,,金玉富贵,['富贵财富'],"['大气豪迈', '稳重成熟', '富贵财富']",B,,4,[],2026-04-27 14:38:25.803054
315,玉琛,补充二字词,,玉之珍宝,['富贵财富'],"['温柔婉约', '古风典雅', '富贵财富']",B,,4,[],2026-04-27 14:38:25.803653
316,宝璋,补充二字词,,宝玉之璋,['富贵财富'],"['稳重成熟', '古风典雅', '富贵财富']",B,,4,[],2026-04-27 14:38:25.804267
317,瑞霖,补充二字词,,祥瑞甘霖,['富贵财富'],"['大气豪迈', '诗意浪漫', '富贵财富']",B,,4,[],2026-04-27 14:38:25.80498
318,丰璟,补充二字词,,丰盛玉光,['富贵财富'],"['大气豪迈', '稳重成熟', '富贵财富']",B,,4,[],2026-04-27 14:38:25.805795
319,裕琛,补充二字词,,富足珍宝,['富贵财富'],"['稳重成熟', '古风典雅', '富贵财富']",B,,4,[],2026-04-27 14:38:25.80675
320,昌瑜,补充二字词,,昌盛美玉,['富贵财富'],"['大气豪迈', '古风典雅', '富贵财富']",B,,4,[],2026-04-27 14:38:25.807526
321,懿,补充单字,,美好品德,['品德高尚'],"['古风典雅', '稳重成熟', '品德高尚']",B,,4,[],2026-04-27 14:38:25.80825
322,懋,补充单字,,勤勉品德,['品德高尚'],"['古风典雅', '稳重成熟', '品德高尚']",B,,4,[],2026-04-27 14:38:25.80903
323,恪,补充单字,,恭敬谨慎,['品德高尚'],"['古风典雅', '稳重成熟', '品德高尚']",B,,4,[],2026-04-27 14:38:25.809715
324,恂,补充单字,,诚信踏实,['品德高尚'],"['古风典雅', '稳重成熟', '品德高尚']",B,,4,[],2026-04-27 14:38:25.810413
325,忱,补充单字,,热忱真诚,['品德高尚'],"['现代简约', '稳重成熟', '品德高尚']",B,,4,[],2026-04-27 14:38:25.811127
326,恺,补充单字,,和善可亲,['品德高尚'],"['古风典雅', '温柔婉约', '品德高尚']",B,,4,[],2026-04-27 14:38:25.811773
327,悌,补充单字,,友爱兄弟,['品德高尚'],"['古风典雅', '稳重成熟', '品德高尚']",B,,4,[],2026-04-27 14:38:25.812575
328,恭,补充单字,,恭敬有礼,['品德高尚'],"['古风典雅', '稳重成熟', '品德高尚']",B,,4,[],2026-04-27 14:38:25.813405
329,俭,补充单字,,勤俭节约,['品德高尚'],"['现代简约', '稳重成熟', '品德高尚']",B,,4,[],2026-04-27 14:38:25.814469
330,让,补充单字,,谦让有礼,['品德高尚'],"['古风典雅', '温柔婉约', '品德高尚']",B,,4,[],2026-04-27 14:38:25.815347
331,恒,补充单字,,持之以恒,['品德高尚'],"['稳重成熟', '现代简约', '品德高尚']",B,,4,[],2026-04-27 14:38:25.816233
332,贞,补充单字,,坚贞不屈,['品德高尚'],"['古风典雅', '稳重成熟', '品德高尚']",B,,4,[],2026-04-27 14:38:25.817049
333,端,补充单字,,端庄正直,['品德高尚'],"['古风典雅', '稳重成熟', '品德高尚']",B,,4,[],2026-04-27 14:38:25.818117
334,肃,补充单字,,严肃恭敬,['品德高尚'],"['古风典雅', '稳重成熟', '品德高尚']",B,,4,[],2026-04-27 14:38:25.819104
335,庄,补充单字,,庄重得体,['品德高尚'],"['古风典雅', '稳重成熟', '品德高尚']",B,,4,[],2026-04-27 14:38:25.819973
336,懿德,补充二字词,,美好品德,['品德高尚'],"['古风典雅', '稳重成熟', '品德高尚']",B,,4,[],2026-04-27 14:38:25.820889
337,懋修,补充二字词,,勤勉修身,['品德高尚'],"['古风典雅', '稳重成熟', '品德高尚']",B,,4,[],2026-04-27 14:38:25.821957
338,恪诚,补充二字词,,恭敬诚信,['品德高尚'],"['古风典雅', '稳重成熟', '品德高尚']",B,,4,[],2026-04-27 14:38:25.823224
339,恂达,补充二字词,,诚信通达,['品德高尚'],"['古风典雅', '稳重成熟', '品德高尚']",B,,4,[],2026-04-27 14:38:25.824287
340,忱信,补充二字词,,热忱诚信,['品德高尚'],"['现代简约', '稳重成熟', '品德高尚']",B,,4,[],2026-04-27 14:38:25.824992
341,恺悌,补充二字词,,和善平易,['品德高尚'],"['古风典雅', '温柔婉约', '品德高尚']",B,,4,[],2026-04-27 14:38:25.825528
342,恭俭,补充二字词,,恭敬勤俭,['品德高尚'],"['古风典雅', '稳重成熟', '品德高尚']",B,,4,[],2026-04-27 14:38:25.826096
343,让谦,补充二字词,,谦让有礼,['品德高尚'],"['古风典雅', '温柔婉约', '品德高尚']",B,,4,[],2026-04-27 14:38:25.826661
344,恒德,补充二字词,,恒久美德,['品德高尚'],"['稳重成熟', '古风典雅', '品德高尚']",B,,4,[],2026-04-27 14:38:25.827162
345,贞固,补充二字词,,坚贞牢固,['品德高尚'],"['古风典雅', '稳重成熟', '品德高尚']",B,,4,[],2026-04-27 14:38:25.827905
346,端庄,补充二字词,,端庄正直,['品德高尚'],"['古风典雅', '稳重成熟', '品德高尚']",B,,4,[],2026-04-27 14:38:25.829022
347,肃雍,补充二字词,,恭敬和善,['品德高尚'],"['古风典雅', '稳重成熟', '品德高尚']",B,,4,[],2026-04-27 14:38:25.829894
348,庄诚,补充二字词,,庄重诚信,['品德高尚'],"['古风典雅', '稳重成熟', '品德高尚']",B,,4,[],2026-04-27 14:38:25.831002
349,正诚,补充二字词,,正直诚信,['品德高尚'],"['现代简约', '稳重成熟', '品德高尚']",B,,4,[],2026-04-27 14:38:25.831901
350,厚德,补充二字词,,厚积美德,['品德高尚'],"['古风典雅', '稳重成熟', '品德高尚']",B,,4,[],2026-04-27 14:38:25.83269
351,昕,补充单字,,朝阳明亮,['阳光开朗'],"['阳光开朗', '清新自然']",B,,4,[],2026-04-27 14:38:25.833794
352,昫,补充单字,,温暖日出,['阳光开朗'],"['阳光开朗', '诗意浪漫']",B,,4,[],2026-04-27 14:38:25.834701
353,晟,补充单字,,光明旺盛,['阳光开朗'],"['大气豪迈', '阳光开朗']",B,,4,[],2026-04-27 14:38:25.835658
354,暘,补充单字,,日出东方,['阳光开朗'],"['阳光开朗', '古风典雅']",B,,4,[],2026-04-27 14:38:25.836665
355,晗,补充单字,,天将明,['阳光开朗'],"['温柔婉约', '诗意浪漫', '阳光开朗']",B,,4,[],2026-04-27 14:38:25.837721
356,旸,补充单字,,日出明亮,['阳光开朗'],"['阳光开朗', '古风典雅']",B,,4,[],2026-04-27 14:38:25.838517
357,曜,补充单字,,照耀光辉,['阳光开朗'],"['大气豪迈', '阳光开朗']",B,,4,[],2026-04-27 14:38:25.839288
358,曦,补充单字,,晨光温暖,['阳光开朗'],"['诗意浪漫', '清新自然', '阳光开朗']",B,,4,[],2026-04-27 14:38:25.840079
359,煦,补充单字,,和煦温暖,['阳光开朗'],"['温柔婉约', '阳光开朗']",B,,4,[],2026-04-27 14:38:25.840727
360,昫,补充单字,,温暖和煦,['阳光开朗'],"['阳光开朗', '温柔婉约']",B,,4,[],2026-04-27 14:38:25.841509
361,暟,补充单字,,光明美好,['阳光开朗'],"['阳光开朗', '独特个性']",B,,4,[],2026-04-27 14:38:25.842381
362,暤,补充单字,,白昼光明,['阳光开朗'],"['大气豪迈', '古风典雅', '阳光开朗']",B,,4,[],2026-04-27 14:38:25.843156
363,昉,补充单字,,日初明,['阳光开朗'],"['现代简约', '清新自然', '阳光开朗']",B,,4,[],2026-04-27 14:38:25.843871
364,昍,补充单字,,日光明亮,['阳光开朗'],"['独特个性', '阳光开朗']",B,,4,[],2026-04-27 14:38:25.844564
365,昀,补充单字,,日光温暖,['阳光开朗'],"['温柔婉约', '诗意浪漫', '阳光开朗']",B,,4,[],2026-04-27 14:38:25.845231
366,昕阳,补充二字词,,朝阳阳光,['阳光开朗'],"['阳光开朗', '清新自然']",B,,4,[],2026-04-27 14:38:25.845976
367,昫然,补充二字词,,温暖自然,['阳光开朗'],"['阳光开朗', '诗意浪漫']",B,,4,[],2026-04-27 14:38:25.846753
368,晟睿,补充二字词,,光明睿智,['阳光开朗'],"['大气豪迈', '阳光开朗']",B,,4,[],2026-04-27 14:38:25.847454
369,暘曦,补充二字词,,日出晨光,['阳光开朗'],"['阳光开朗', '古风典雅']",B,,4,[],2026-04-27 14:38:25.848363
370,晗光,补充二字词,,晨光初现,['阳光开朗'],"['温柔婉约', '诗意浪漫', '阳光开朗']",B,,4,[],2026-04-27 14:38:25.849206
371,旸谷,补充二字词,,日出之谷,['阳光开朗'],"['阳光开朗', '古风典雅']",B,,4,[],2026-04-27 14:38:25.849911
372,曜光,补充二字词,,照耀光芒,['阳光开朗'],"['大气豪迈', '阳光开朗']",B,,4,[],2026-04-27 14:38:25.850793
373,曦晨,补充二字词,,晨光初照,['阳光开朗'],"['诗意浪漫', '清新自然', '阳光开朗']",B,,4,[],2026-04-27 14:38:25.851675
374,煦和,补充二字词,,温暖和煦,['阳光开朗'],"['温柔婉约', '阳光开朗']",B,,4,[],2026-04-27 14:38:25.852424
375,暟悦,补充二字词,,光明喜悦,['阳光开朗'],"['阳光开朗', '独特个性']",B,,4,[],2026-04-27 14:38:25.853324
376,昉始,补充二字词,,日出之始,['阳光开朗'],"['现代简约', '清新自然', '阳光开朗']",B,,4,[],2026-04-27 14:38:25.854236
377,昀熙,补充二字词,,日光和煦,['阳光开朗'],"['温柔婉约', '诗意浪漫', '阳光开朗']",B,,4,[],2026-04-27 14:38:25.855331
378,乐熙,补充二字词,,快乐和煦,['阳光开朗'],"['可爱灵动', '阳光开朗']",B,,4,[],2026-04-27 14:38:25.85643
379,欣然,补充二字词,,欢喜自然,['阳光开朗'],"['温柔婉约', '诗意浪漫', '阳光开朗']",B,,4,[],2026-04-27 14:38:25.857251
380,开朗,补充二字词,,心胸开阔,['阳光开朗'],"['现代简约', '大气豪迈', '阳光开朗']",B,,4,[],2026-04-27 14:38:25.858181
381,婵,补充单字,,美好姿态,['美丽俊俏'],"['温柔婉约', '古风典雅', '美丽俊俏']",B,,4,[],2026-04-27 14:38:25.859051
382,娟,补充单字,,秀丽美好,['美丽俊俏'],"['温柔婉约', '清新自然', '美丽俊俏']",B,,4,[],2026-04-27 14:38:25.859978
383,娉,补充单字,,娉婷姿态,['美丽俊俏'],"['温柔婉约', '诗意浪漫', '美丽俊俏']",B,,4,[],2026-04-27 14:38:25.860886
384,婀,补充单字,,婀娜多姿,['美丽俊俏'],"['温柔婉约', '独特个性', '美丽俊俏']",B,,4,[],2026-04-27 14:38:25.861681
385,娆,补充单字,,娇娆美好,['美丽俊俏'],"['温柔婉约', '可爱灵动', '美丽俊俏']",B,,4,[],2026-04-27 14:38:25.862542
386,妩,补充单字,,妩媚动人,['美丽俊俏'],"['温柔婉约', '独特个性', '美丽俊俏']",B,,4,[],2026-04-27 14:38:25.863545
387,妍,补充单字,,美丽娇妍,['美丽俊俏'],"['温柔婉约', '清新自然', '美丽俊俏']",B,,4,[],2026-04-27 14:38:25.864372
388,姿,补充单字,,姿态美好,['美丽俊俏'],"['现代简约', '温柔婉约', '美丽俊俏']",B,,4,[],2026-04-27 14:38:25.865049
389,娈,补充单字,,美好相貌,['美丽俊俏'],"['古风典雅', '温柔婉约', '美丽俊俏']",B,,4,[],2026-04-27 14:38:25.865782
390,媗,补充单字,,美好温婉,['美丽俊俏'],"['温柔婉约', '独特个性', '美丽俊俏']",B,,4,[],2026-04-27 14:38:25.866465
391,嫤,补充单字,,美好谨慎,['美丽俊俏'],"['古风典雅', '稳重成熟', '美丽俊俏']",B,,4,[],2026-04-27 14:38:25.867039
392,嬛,补充单字,,轻柔美好,['美丽俊俏'],"['诗意浪漫', '温柔婉约', '美丽俊俏']",B,,4,[],2026-04-27 14:38:25.86755
393,妤,补充单字,,捷敏美好,['美丽俊俏'],"['古风典雅', '温柔婉约', '美丽俊俏']",B,,4,[],2026-04-27 14:38:25.868087
394,妡,补充单字,,女子美好,['美丽俊俏'],"['温柔婉约', '独特个性', '美丽俊俏']",B,,4,[],2026-04-27 14:38:25.868848
395,姮,补充单字,,嫦娥美好,['美丽俊俏'],"['古风典雅', '诗意浪漫', '美丽俊俏']",B,,4,[],2026-04-27 14:38:25.869842
396,婵娟,补充二字词,,美好姿态,['美丽俊俏'],"['温柔婉约', '古风典雅', '美丽俊俏']",B,,4,[],2026-04-27 14:38:25.871075
397,娉婷,补充二字词,,娉婷姿态,['美丽俊俏'],"['温柔婉约', '诗意浪漫', '美丽俊俏']",B,,4,[],2026-04-27 14:38:25.872167
398,婀娜,补充二字词,,婀娜多姿,['美丽俊俏'],"['温柔婉约', '独特个性', '美丽俊俏']",B,,4,[],2026-04-27 14:38:25.873195
399,妩媚,补充二字词,,妩媚动人,['美丽俊俏'],"['温柔婉约', '可爱灵动', '美丽俊俏']",B,,4,[],2026-04-27 14:38:25.873984
400,妍姿,补充二字词,,美丽姿态,['美丽俊俏'],"['温柔婉约', '清新自然', '美丽俊俏']",B,,4,[],2026-04-27 14:38:25.87468
401,娈婉,补充二字词,,美好温婉,['美丽俊俏'],"['古风典雅', '温柔婉约', '美丽俊俏']",B,,4,[],2026-04-27 14:38:25.875507
402,嫤妤,补充二字词,,美好德行,['美丽俊俏'],"['古风典雅', '稳重成熟', '美丽俊俏']",B,,4,[],2026-04-27 14:38:25.876602
403,嬛嬛,补充二字词,,轻柔美好,['美丽俊俏'],"['诗意浪漫', '温柔婉约', '美丽俊俏']",B,,4,[],2026-04-27 14:38:25.877923
404,如嫣,补充二字词,,如花嫣然,['美丽俊俏'],"['可爱灵动', '诗意浪漫', '美丽俊俏']",B,,4,[],2026-04-27 14:38:25.878882
405,若溪,补充二字词,,如溪清澈,['美丽俊俏'],"['清新自然', '诗意浪漫', '美丽俊俏']",B,,4,[],2026-04-27 14:38:25.880115
406,似玥,补充二字词,,似月神珠,['美丽俊俏'],"['温柔婉约', '诗意浪漫', '美丽俊俏']",B,,4,[],2026-04-27 14:38:25.881045
407,宛瑜,补充二字词,,温婉美玉,['美丽俊俏'],"['温柔婉约', '古风典雅', '美丽俊俏']",B,,4,[],2026-04-27 14:38:25.881817
408,姝瑶,补充二字词,,美好美玉,['美丽俊俏'],"['温柔婉约', '古风典雅', '美丽俊俏']",B,,4,[],2026-04-27 14:38:25.88257
409,倩兮,补充二字词,,笑容美好,['美丽俊俏'],"['可爱灵动', '诗意浪漫', '美丽俊俏']",B,,4,[],2026-04-27 14:38:25.883511
410,秀妍,补充二字词,,秀丽美妍,['美丽俊俏'],"['清新自然', '温柔婉约', '美丽俊俏']",B,,4,[],2026-04-27 14:38:25.884192
411,砺,补充单字,,磨砺坚强,['勇敢坚强'],"['现代简约', '大气豪迈', '勇敢坚强']",B,,4,[],2026-04-27 14:38:25.884958
412,砥,补充单字,,砥柱中流,['勇敢坚强'],"['大气豪迈', '稳重成熟', '勇敢坚强']",B,,4,[],2026-04-27 14:38:25.885792
413,锷,补充单字,,刀剑锋利,['勇敢坚强'],"['独特个性', '大气豪迈', '勇敢坚强']",B,,4,[],2026-04-27 14:38:25.886502
414,铠,补充单字,,铠甲坚强,['勇敢坚强'],"['大气豪迈', '独特个性', '勇敢坚强']",B,,4,[],2026-04-27 14:38:25.887288
415,铮,补充单字,,铮铮铁骨,['勇敢坚强'],"['大气豪迈', '独特个性', '勇敢坚强']",B,,4,[],2026-04-27 14:38:25.888031
416,锵,补充单字,,锵锵有力,['勇敢坚强'],"['独特个性', '大气豪迈', '勇敢坚强']",B,,4,[],2026-04-27 14:38:25.888731
417,钧,补充单字,,雷霆万钧,['勇敢坚强'],"['大气豪迈', '稳重成熟', '勇敢坚强']",B,,4,[],2026-04-27 14:38:25.889608
418,铭,补充单字,,铭记坚强,['勇敢坚强'],"['现代简约', '稳重成熟', '勇敢坚强']",B,,4,[],2026-04-27 14:38:25.890533
419,锐,补充单字,,锐意进取,['勇敢坚强'],"['现代简约', '大气豪迈', '勇敢坚强']",B,,4,[],2026-04-27 14:38:25.891299
420,砺,补充单字,,磨砺意志,['勇敢坚强'],"['现代简约', '大气豪迈', '勇敢坚强']",B,,4,[],2026-04-27 14:38:25.892176
421,悍,补充单字,,勇悍坚强,['勇敢坚强'],"['独特个性', '大气豪迈', '勇敢坚强']",B,,4,[],2026-04-27 14:38:25.893013
422,犟,补充单字,,倔强坚强,['勇敢坚强'],"['独特个性', '现代简约', '勇敢坚强']",B,,4,[],2026-04-27 14:38:25.893989
423,刚,补充单字,,刚正不阿,['勇敢坚强'],"['大气豪迈', '稳重成熟', '勇敢坚强']",B,,4,[],2026-04-27 14:38:25.89491
424,强,补充单字,,自强不息,['勇敢坚强'],"['大气豪迈', '现代简约', '勇敢坚强']",B,,4,[],2026-04-27 14:38:25.896011
425,毅,补充单字,,坚毅不拔,['勇敢坚强'],"['稳重成熟', '独特个性', '勇敢坚强']",B,,4,[],2026-04-27 14:38:25.896989
426,砺志,补充二字词,,磨砺意志,['勇敢坚强'],"['现代简约', '大气豪迈', '勇敢坚强']",B,,4,[],2026-04-27 14:38:25.897952
427,砥柱,补充二字词,,中流砥柱,['勇敢坚强'],"['大气豪迈', '稳重成熟', '勇敢坚强']",B,,4,[],2026-04-27 14:38:25.898798
428,锷锋,补充二字词,,锋芒毕露,['勇敢坚强'],"['独特个性', '大气豪迈', '勇敢坚强']",B,,4,[],2026-04-27 14:38:25.899709
429,铠铭,补充二字词,,铠甲铭记,['勇敢坚强'],"['大气豪迈', '独特个性', '勇敢坚强']",B,,4,[],2026-04-27 14:38:25.900803
430,铮铭,补充二字词,,铮铮铭记,['勇敢坚强'],"['大气豪迈', '独特个性', '勇敢坚强']",B,,4,[],2026-04-27 14:38:25.901871
431,钧天,补充二字词,,雷霆万钧,['勇敢坚强'],"['大气豪迈', '稳重成熟', '勇敢坚强']",B,,4,[],2026-04-27 14:38:25.902767
432,锐志,补充二字词,,锐意进取,['勇敢坚强'],"['现代简约', '大气豪迈', '勇敢坚强']",B,,4,[],2026-04-27 14:38:25.903532
433,悍勇,补充二字词,,勇猛强悍,['勇敢坚强'],"['独特个性', '大气豪迈', '勇敢坚强']",B,,4,[],2026-04-27 14:38:25.904326
434,劲松,补充二字词,,如松坚韧,['勇敢坚强'],"['大气豪迈', '古风典雅', '勇敢坚强']",B,,4,[],2026-04-27 14:38:25.905333
435,浩然,补充二字词,,浩然正气,['勇敢坚强'],"['大气豪迈', '诗意浪漫', '勇敢坚强']",B,,4,[],2026-04-27 14:38:25.906372
436,刚毅,补充二字词,,刚正坚毅,['勇敢坚强'],"['大气豪迈', '稳重成熟', '勇敢坚强']",B,,4,[],2026-04-27 14:38:25.907223
437,恒毅,补充二字词,,恒久坚毅,['勇敢坚强'],"['稳重成熟', '现代简约', '勇敢坚强']",B,,4,[],2026-04-27 14:38:25.90784
438,维刚,补充二字词,,维护刚正,['勇敢坚强'],"['现代简约', '大气豪迈', '勇敢坚强']",B,,4,[],2026-04-27 14:38:25.908512
439,以恒,补充二字词,,持之以恒,['勇敢坚强'],"['稳重成熟', '现代简约', '勇敢坚强']",B,,4,[],2026-04-27 14:38:25.909097
440,必强,补充二字词,,必定坚强,['勇敢坚强'],"['现代简约', '大气豪迈', '勇敢坚强']",B,,4,[],2026-04-27 14:38:25.909799
441,禧,补充单字,,吉祥幸福,['幸福美满'],"['古风典雅', '稳重成熟', '幸福美满']",B,,4,[],2026-04-27 14:38:25.910504
442,祺,补充单字,,吉祥如意,['幸福美满'],"['古风典雅', '稳重成熟', '幸福美满']",B,,4,[],2026-04-27 14:38:25.911562
443,祎,补充单字,,美好幸福,['幸福美满'],"['古风典雅', '独特个性', '幸福美满']",B,,4,[],2026-04-27 14:38:25.912703
444,禛,补充单字,,真诚幸福,['幸福美满'],"['古风典雅', '稳重成熟', '幸福美满']",B,,4,[],2026-04-27 14:38:25.91376
445,祜,补充单字,,福禄幸福,['幸福美满'],"['古风典雅', '稳重成熟', '幸福美满']",B,,4,[],2026-04-27 14:38:25.914602
446,祚,补充单字,,福运幸福,['幸福美满'],"['古风典雅', '稳重成熟', '幸福美满']",B,,4,[],2026-04-27 14:38:25.915244
447,祯,补充单字,,吉祥幸福,['幸福美满'],"['古风典雅', '稳重成熟', '幸福美满']",B,,4,[],2026-04-27 14:38:25.915842
448,祥,补充单字,,吉祥如意,['幸福美满'],"['古风典雅', '稳重成熟', '幸福美满']",B,,4,[],2026-04-27 14:38:25.916473
449,祺,补充单字,,安泰幸福,['幸福美满'],"['古风典雅', '稳重成熟', '幸福美满']",B,,4,[],2026-04-27 14:38:25.917034
450,禤,补充单字,,幸福安康,['幸福美满'],"['独特个性', '古风典雅', '幸福美满']",B,,4,[],2026-04-27 14:38:25.917627
451,禚,补充单字,,幸福美好,['幸福美满'],"['独特个性', '古风典雅', '幸福美满']",B,,4,[],2026-04-27 14:38:25.918677
452,禔,补充单字,,幸福安宁,['幸福美满'],"['古风典雅', '稳重成熟', '幸福美满']",B,,4,[],2026-04-27 14:38:25.919522
453,禟,补充单字,,幸福广大,['幸福美满'],"['独特个性', '古风典雅', '幸福美满']",B,,4,[],2026-04-27 14:38:25.920367
454,禥,补充单字,,幸福盛德,['幸福美满'],"['独特个性', '古风典雅', '幸福美满']",B,,4,[],2026-04-27 14:38:25.921192
455,禨,补充单字,,幸福祥瑞,['幸福美满'],"['独特个性', '古风典雅', '幸福美满']",B,,4,[],2026-04-27 14:38:25.921861
456,禧年,补充二字词,,吉祥之年,['幸福美满'],"['古风典雅', '稳重成熟', '幸福美满']",B,,4,[],2026-04-27 14:38:25.922556
457,祺祥,补充二字词,,吉祥如意,['幸福美满'],"['古风典雅', '稳重成熟', '幸福美满']",B,,4,[],2026-04-27 14:38:25.923215
458,祎祯,补充二字词,,美好吉祥,['幸福美满'],"['古风典雅', '独特个性', '幸福美满']",B,,4,[],2026-04-27 14:38:25.923789
459,祜祚,补充二字词,,福运长久,['幸福美满'],"['古风典雅', '稳重成熟', '幸福美满']",B,,4,[],2026-04-27 14:38:25.924395
460,嘉祥,补充二字词,,美好吉祥,['幸福美满'],"['古风典雅', '稳重成熟', '幸福美满']",B,,4,[],2026-04-27 14:38:25.92513
461,庆祥,补充二字词,,喜庆吉祥,['幸福美满'],"['可爱灵动', '稳重成熟', '幸福美满']",B,,4,[],2026-04-27 14:38:25.925821
462,瑞祥,补充二字词,,祥瑞吉祥,['幸福美满'],"['大气豪迈', '稳重成熟', '幸福美满']",B,,4,[],2026-04-27 14:38:25.926644
463,福祺,补充二字词,,福气吉祥,['幸福美满'],"['稳重成熟', '古风典雅', '幸福美满']",B,,4,[],2026-04-27 14:38:25.927419
464,祉祯,补充二字词,,福祚吉祥,['幸福美满'],"['古风典雅', '稳重成熟', '幸福美满']",B,,4,[],2026-04-27 14:38:25.928073
465,和美,补充二字词,,和谐美满,['幸福美满'],"['温柔婉约', '稳重成熟', '幸福美满']",B,,4,[],2026-04-27 14:38:25.928846
466,欣悦,补充二字词,,欣喜愉悦,['幸福美满'],"['可爱灵动', '清新自然', '幸福美满']",B,,4,[],2026-04-27 14:38:25.929666
467,愉然,补充二字词,,愉悦自然,['幸福美满'],"['温柔婉约', '诗意浪漫', '幸福美满']",B,,4,[],2026-04-27 14:38:25.930345
468,圆融,补充二字词,,圆满融通,['幸福美满'],"['独特个性', '诗意浪漫', '幸福美满']",B,,4,[],2026-04-27 14:38:25.931244
469,洽怡,补充二字词,,和洽愉悦,['幸福美满'],"['温柔婉约', '古风典雅', '幸福美满']",B,,4,[],2026-04-27 14:38:25.932173
470,天伦,补充二字词,,天伦之乐,['幸福美满'],"['稳重成熟', '古风典雅', '幸福美满']",B,,4,[],2026-04-27 14:38:25.932867
471,辞,补充单字,,文辞才华,['才华艺术'],"['古风典雅', '诗意浪漫', '才华艺术']",B,,4,[],2026-04-27 14:38:25.93369
472,赋,补充单字,,诗赋才华,['才华艺术'],"['古风典雅', '诗意浪漫', '才华艺术']",B,,4,[],2026-04-27 14:38:25.934555
473,颂,补充单字,,歌颂才华,['才华艺术'],"['古风典雅', '稳重成熟', '才华艺术']",B,,4,[],2026-04-27 14:38:25.935347
474,咏,补充单字,,吟咏才华,['才华艺术'],"['诗意浪漫', '温柔婉约', '才华艺术']",B,,4,[],2026-04-27 14:38:25.936125
475,谱,补充单字,,谱写才华,['才华艺术'],"['现代简约', '独特个性', '才华艺术']",B,,4,[],2026-04-27 14:38:25.936893
476,曲,补充单字,,乐曲才华,['才华艺术'],"['诗意浪漫', '温柔婉约', '才华艺术']",B,,4,[],2026-04-27 14:38:25.937735
477,律,补充单字,,音律才华,['才华艺术'],"['古风典雅', '稳重成熟', '才华艺术']",B,,4,[],2026-04-27 14:38:25.938685
478,调,补充单字,,音调才华,['才华艺术'],"['现代简约', '独特个性', '才华艺术']",B,,4,[],2026-04-27 14:38:25.939768
479,章,补充单字,,文章才华,['才华艺术'],"['古风典雅', '稳重成熟', '才华艺术']",B,,4,[],2026-04-27 14:38:25.940726
480,篇,补充单字,,篇章才华,['才华艺术'],"['诗意浪漫', '独特个性', '才华艺术']",B,,4,[],2026-04-27 14:38:25.941957
481,翰,补充单字,,翰墨才华,['才华艺术'],"['古风典雅', '稳重成熟', '才华艺术']",B,,4,[],2026-04-27 14:38:25.943032
482,墨,补充单字,,笔墨才华,['才华艺术'],"['诗意浪漫', '古风典雅', '才华艺术']",B,,4,[],2026-04-27 14:38:25.943981
483,砚,补充单字,,砚台才华,['才华艺术'],"['古风典雅', '独特个性', '才华艺术']",B,,4,[],2026-04-27 14:38:25.945013
484,笺,补充单字,,信笺才华,['才华艺术'],"['诗意浪漫', '温柔婉约', '才华艺术']",B,,4,[],2026-04-27 14:38:25.94601
485,篆,补充单字,,篆刻才华,['才华艺术'],"['古风典雅', '独特个性', '才华艺术']",B,,4,[],2026-04-27 14:38:25.947008
486,辞章,补充二字词,,文辞华章,['才华艺术'],"['古风典雅', '诗意浪漫', '才华艺术']",B,,4,[],2026-04-27 14:38:25.948014
487,赋颂,补充二字词,,诗赋歌功,['才华艺术'],"['古风典雅', '稳重成熟', '才华艺术']",B,,4,[],2026-04-27 14:38:25.948933
488,咏怀,补充二字词,,吟咏情怀,['才华艺术'],"['诗意浪漫', '温柔婉约', '才华艺术']",B,,4,[],2026-04-27 14:38:25.949678
489,谱曲,补充二字词,,谱写乐曲,['才华艺术'],"['现代简约', '独特个性', '才华艺术']",B,,4,[],2026-04-27 14:38:25.950357
490,律韵,补充二字词,,音律韵味,['才华艺术'],"['古风典雅', '稳重成熟', '才华艺术']",B,,4,[],2026-04-27 14:38:25.951017
491,章篇,补充二字词,,文章篇章,['才华艺术'],"['诗意浪漫', '独特个性', '才华艺术']",B,,4,[],2026-04-27 14:38:25.95178
492,翰墨,补充二字词,,翰墨书香,['才华艺术'],"['古风典雅', '稳重成熟', '才华艺术']",B,,4,[],2026-04-27 14:38:25.952711
493,墨砚,补充二字词,,笔墨砚台,['才华艺术'],"['古风典雅', '独特个性', '才华艺术']",B,,4,[],2026-04-27 14:38:25.953797
494,笺素,补充二字词,,信笺朴素,['才华艺术'],"['诗意浪漫', '温柔婉约', '才华艺术']",B,,4,[],2026-04-27 14:38:25.95485
495,篆刻,补充二字词,,篆刻艺术,['才华艺术'],"['古风典雅', '独特个性', '才华艺术']",B,,4,[],2026-04-27 14:38:25.956013
496,文翰,补充二字词,,文章华美,['才华艺术'],"['古风典雅', '诗意浪漫', '才华艺术']",B,,4,[],2026-04-27 14:38:25.957145
497,墨香,补充二字词,,笔墨书香,['才华艺术'],"['诗意浪漫', '古风典雅', '才华艺术']",B,,4,[],2026-04-27 14:38:25.957819
498,弦歌,补充二字词,,琴瑟和鸣,['才华艺术'],"['诗意浪漫', '温柔婉约', '才华艺术']",B,,4,[],2026-04-27 14:38:25.958542
499,书韵,补充二字词,,书卷气韵,['才华艺术'],"['古风典雅', '稳重成熟', '才华艺术']",B,,4,[],2026-04-27 14:38:25.959171
500,诗语,补充二字词,,诗意语言,['才华艺术'],"['诗意浪漫', '独特个性', '才华艺术']",B,,4,[],2026-04-27 14:38:25.959924
